Rank,Bot Name,Score,Good Bot Votes,Bad Bot Votes,Comment Karma,Link Karma
1,KickOpenTheDoorBot,0.9932,21014,120,39387,98880
2,Canna_Tips,0.9921,18181,121,49964,1
3,MrTechnodad,0.9914,2136,10,420008,73713
4,BigJets,0.9905,2189,12,48004,39701
5,properu,0.9899,2313,14,169365,7
6,mayo_tipbot,0.9883,1982,14,6575,1
7,nano_tipper,0.9882,3380,28,21161,76
8,Competitive_Bell501,0.9877,1373,9,73983,2437
9,Banano_Tipbot,0.9871,6844,71,41316,29
10,AfonsoHenriquesBot,0.9869,429,1,22259,6
11,SilentRanger42,0.9861,403,1,75172,142
12,nano_tips,0.9853,1064,8,5950,337
13,songacronymbot,0.9847,1184,10,65880,1
14,GifReversingBot,0.9837,4529,58,684001,2096
15,mkemalataturk,0.9836,2709,32,30366,160
16,RayDeeUx,0.9834,3023,37,208412,57816
17,EyeBleacherBot,0.9826,4799,67,0,0
18,fuck_moash_bot,0.9826,2691,34,16735,1
19,gme_tweets,0.9824,655,5,42782,290
20,pekofy_bot,0.9823,3910,54,394683,1754
21,Escilas,0.9822,314,1,27542,1
22,Technothereddit,0.9815,2650,36,7330,5570
23,ReverseCaptioningBot,0.9814,10213,166,400635,39
24,RayeOfDisappointment,0.9808,196,0,777,1
25,Zoruda,0.9808,1335,16,53237,21
26,Technoblade-Bot,0.9805,2631,38,35112,1
27,StonkCorrectionBot,0.9802,3829,60,59041,46
28,stabbot,0.9796,6049,104,414190,145
29,EnoughSpamAlreadyBot,0.9794,754,8,23291,9
30,SaveThisVIdeo,0.9789,1270,17,0,0
31,Clean_Link_Bot,0.9786,1363,19,47826,1
32,redditmixer,0.9783,256,1,4406,274
33,The-Paranoid-Android,0.9781,2741,46,1318342,550
34,TumblrBotDetectBot,0.9777,515,5,39886,1
35,SaveVideo,0.9775,6903,134,531618,14810
36,Tom_Bot-Badil,0.9773,315,2,87265,6
37,Shoresy___Bot,0.977,241,1,82632,1
38,The_Lopen_bot,0.977,558,6,117253,2914
39,sodogetip,0.9769,309,2,12415,249
40,masterhacker_bot,0.9765,368,3,39611,1
41,RavBot,0.9761,362,3,35680,1
42,RealTweetOrNotBot,0.9759,2671,50,59108,1
43,MichaelRichardsBot,0.9747,282,2,0,0
44,MTGLardFetcher,0.9746,1142,19,78660,5
45,ShungiteBot,0.9746,451,5,81463,6336
46,auddbot,0.9745,9823,225,294784,2141
47,ScamWatchReporter,0.9739,331,3,29721,1855
48,TechnoNeverDies_bot,0.9739,691,10,12958,199
49,savevideobot,0.9736,1970,39,142708,1
50,animalfacts-bot,0.9734,723,11,290973,17
51,mlapibot,0.973,264,2,10697,1
52,WanderingDwarfMiner,0.9729,422,5,109602,1
53,KoalaBear84,0.9728,520,7,9544,279
54,VredditDownloader,0.9727,3001,66,0,0
55,LivePDBot,0.9722,199,1,15633,28009
56,gifendore,0.9721,506,7,71159,154
57,WikiSummarizerBot,0.9718,7445,187,888250,1
58,fbk_glasses_bot,0.9718,356,4,28775,203
59,MILBitchBot,0.9717,252,2,0,0
60,patricktomlinson,0.9717,355,4,1933,1
61,robocosannnn,0.9714,400,5,0,15993
62,NoGoogleAMPBot,0.9705,2099,48,77110,23
63,morejpeg_auto,0.9702,4181,106,376784,25
64,CummyBot2000,0.9699,6264,167,0,0
65,Treima,0.9698,757,14,137455,36512
66,Spartan2470,0.9692,231,2,2737038,14555
67,KemonomimiCheerUpBot,0.9691,369,5,38935,5
68,herbibot,0.9691,278,3,22060,10166
69,AnimeSauceBot,0.969,229,2,45053,216
70,WikiMobileLinkBot,0.9679,2166,55,87715,2
71,BrozzerAbdullahBot,0.9678,267,3,25091,1631
72,Burnsivxx,0.9676,170,1,26834,18593
73,Literally1984_bot,0.9676,309,4,78612,25
74,objection-bot,0.9676,434,7,15908,258
75,DeepFryBot,0.9674,1963,50,105215,265
76,coinfeeds-bot,0.967,3087,85,219973,1738
77,link_cleaner_bot,0.9667,300,4,32147,1
78,twitterlinkbot,0.9666,755,16,41088,4
79,gandalf-bot,0.9664,716,15,1438002,18
80,TitleLinkHelperBot,0.9657,371,6,22754,1
81,Gonk-Bot,0.9654,1524,40,162855,1295
82,Title2ImageBot,0.9653,405,7,31479,181
83,vredditshare,0.9653,247,3,19599,287
84,Fuck_ESPN_Bot,0.965,202,2,16252,1
85,Gfycat_Details_Fixer,0.9648,1466,39,58279,1
86,Roboragi,0.9641,1900,54,915179,921
87,AntiGoogleAmpBot,0.9637,313,5,0,0
88,lexAutomatarium,0.9634,101,0,28068,1
89,xkcd_transcriber,0.963,448,9,328052,1
90,RecipeCart,0.9629,342,6,15791,1
91,furbot_,0.9629,1085,29,117507,233
92,NanoraBot,0.9628,190,2,27413,32
93,sixdigitbot,0.9627,512,11,52507,152329
94,respectthread_bot,0.9616,655,16,19234,7
95,redditspeedbot,0.9615,1991,62,201692,62
96,FlagWaverBotReborn,0.9614,462,10,212507,4
97,WikiTextBot,0.9609,8694,316,3141592,3141592
98,TonyWonder-BOT,0.9599,92,0,27517,1
99,reply-guy-bot,0.9598,4654,167,232988,231
100,HerSeyeRezAlanAdam,0.9597,1550,49,38713,5390
101,vReddit_Player_Bot,0.9594,618,16,24587,11
102,exponant,0.9593,1015,30,60938,1687
103,wikipedia_text_bot,0.9587,2422,84,199702,81
104,RwampyBoi,0.9586,89,0,14807,5655
105,timestamp_bot,0.9586,606,16,78203,1
106,basedcount_bot,0.9585,3222,116,480634,2393
107,TitleToImageBot,0.958,681,19,50603,1
108,gimli-bot,0.9579,202,3,262343,482
109,bobby-b-bot,0.9574,357,8,2788752,40
110,BrokenRecordBot,0.9572,86,0,14105,15
111,BananaOniBot,0.9571,127,1,35422,1
112,ILinkNSFWSubreddits,0.9566,196,3,36101,53
113,ZakBagansBot,0.9565,228,4,33764,1
114,Dalton-Bot,0.9563,84,0,4827,1
115,AzorAhaiBot,0.9561,757,23,31539,41
116,gifv-bot,0.9561,1859,67,0,0
117,NFLVideoConverterBot,0.9549,250,5,128404,10
118,karSevak2,0.9548,188,3,22870,1
119,SnooRawrBot,0.9547,81,0,1998,1
120,knightttime,0.9547,81,0,99050,157
121,OctopusFunFacts,0.9534,535,16,44426,1
122,golden-god-bot,0.9532,116,1,51807,1
123,Impossible-Cod-3946,0.9514,174,3,110351,791
124,Apex_Bot,0.9513,75,0,1605,1
125,WikiHowLinkBot,0.9503,109,1,94677,1
126,RemindMeBot,0.9496,4666,216,3141592,3141592
127,JustAnAlpacaBot,0.9494,1457,60,115464,1
128,PayRespects-Bot,0.949,714,26,144865,2318
129,ASCIICodecBot,0.9487,71,0,1817,6
130,murplexia,0.9487,71,0,2753,16248
131,albus-dumbledore-bot,0.9485,105,1,38087,1
132,ze-robot,0.9484,268,7,23862,1
133,SEB-PHYLOBOT,0.9483,526,18,81535,73
134,nHentaiTagBot,0.9481,479,16,183782,1
135,Theoden-Bot,0.948,104,1,190507,1
136,Dirtyfox3000,0.9475,103,1,1887,1
137,genzo_wakabayashi_94,0.9475,335,10,108683,51868
138,vredditmirrorbot,0.9475,1483,64,25511,1
139,DispatchBot,0.9473,69,0,6640,6
140,omedetou_bot,0.9473,69,0,21284,117
141,PewdStatus,0.9472,132,2,28498,1
142,image_linker_bot,0.9469,1646,73,225536,5
143,modlinkbot,0.9465,68,0,20155,23
144,AmputatorBot,0.9463,5471,275,465067,21
145,ama_compiler_bot,0.9463,157,3,17064,1
146,HootyBot,0.946,100,1,6295,32
147,RoommatesBot,0.9456,390,13,36535,5
148,DankBotInator,0.945,66,0,0,0
149,Hawkeye422,0.945,66,0,8669,1
150,ILikeTasks,0.945,98,1,63238,144031
151,ShadowBanCheck-Bot,0.945,66,0,1273,1
152,AnimeSourceBot,0.9444,97,1,33089,329
153,StupendousBot,0.9439,96,1,109404,227
154,darnbot,0.9434,1407,66,121397,90
155,Media_Source_Bot,0.9433,619,25,89555,78
156,dd_responses_bot,0.9433,95,1,18142,55
157,autotldr,0.9431,2873,147,3336325,314971
158,cookie_b0t,0.9431,496,19,19196,1
159,same_post_bot,0.9426,5708,310,82832,1
160,Dripbot8,0.9425,63,0,2694,86
161,freebanbot_squirrel,0.9425,63,0,1639,1
162,SteamNewsBot,0.9413,234,7,16114,1
163,have_a_nice_day_bot,0.9413,577,24,66913,18785
164,OrangeFactsBot,0.9408,61,0,0,0
165,freebanbot_spider,0.9408,61,0,1968,1
166,RedditStreamable,0.9399,449,18,98896,11351
167,goal_bot,0.9398,60,0,31141,2822
168,MassdropBot,0.9397,89,1,13089,34
169,TwitterToStreamable,0.9393,161,4,135392,1
170,MLBVideoConverterBot,0.9391,88,1,60049,45
171,SFF_Robot,0.939,791,37,31058,1
172,boyan-o-meter-bot,0.9389,59,0,1309,1
173,papa_bless_bot,0.9389,59,0,1388,1
174,h-bot9000,0.9385,284,10,32263,660
175,fabia-bot,0.9384,87,1,6725,1
176,srgrafo_edit_bot,0.9384,87,1,16470,1
177,inshaAllah_bot,0.9383,112,2,5702,1
178,Catebot,0.9379,58,0,17791,42
179,TitsBot,0.9379,58,0,0,0
180,pewdsvstseries_bot,0.9376,134,3,32043,18
181,Mini-Z,0.937,85,1,13276,19836
182,freebanbot_lion,0.9369,57,0,0,0
183,sasinbot,0.9369,57,0,2853,144
184,RedditMP4Bot,0.9363,153,4,10953,32
185,gen_grievous_bot,0.9363,84,1,28298,1
186,wholesomee_bot,0.9362,367,15,17448,743
187,FatFingerHelperBot,0.936,4648,282,227215,1
188,OriginalPostSearcher,0.936,438,19,85365,9
189,setlistbot,0.9351,150,4,20760,1
190,JiffierBot,0.935,106,2,30845,138
191,relevant_post_bot,0.935,1135,61,263552,14
192,CaudalPeduncle,0.9349,82,1,65904,914
193,CountdownBot12,0.9349,82,1,3786,3
194,MarkdownShadowBot,0.9349,286,11,7996,2899
195,PTHero,0.9348,128,3,124322,2043518
196,theotherotherhand,0.9338,104,2,245590,1980
197,amazon-converter-bot,0.9336,54,0,5196,1
198,PetrosianBot,0.9335,7920,516,260766,3923
199,morse-bot,0.9329,843,45,0,0
200,anti-rte-bot,0.9328,203,7,5629,358
201,MaxImageBot,0.9326,695,36,101340,69
202,HelperBot_,0.9325,2457,151,183054,71
203,Game_Info_Bot,0.9324,53,0,1356,6
204,Sushi_chan18,0.9324,53,0,2914,270
205,Roid_Rage_Smurf,0.9319,237,9,89269,71874
206,ODScanner,0.9312,52,0,1187,9
207,arsene_wenger_bot,0.9312,52,0,86165,4
208,fishy_5,0.9309,77,1,3215,6311
209,decode-binary,0.9301,316,14,80962,6
210,tweetlinker,0.9301,4052,269,85793,156
211,Blub-Blub44,0.93,76,1,1151,2225
212,Good_Human_Bot_v2,0.93,2264,144,62984,1
213,McLuvinMan,0.93,230,9,165145,26841
214,SchmeckMichBot,0.93,98,2,11201,36
215,Superstonk-Flairy,0.93,51,0,10211,143
216,ThePrequelMemesBot,0.9296,444,22,79450,1
217,darthplagueisbot,0.9295,193,7,37462,12
218,timee_bot,0.9294,1217,73,95182,1
219,InsiderMemeBot,0.9292,75,1,15173,12407
220,Gif_Slowing_Bot,0.9289,155,5,28678,2
221,haikusbot,0.9289,57452,4265,3066424,174
222,WikipediaSummary,0.9288,173,6,28288,1
223,suipiss,0.9286,50,0,57825,135
224,bubblewrap_bot,0.9283,258,11,11116,15
225,outline_link_bot,0.9282,340,16,67229,1
226,aqp-bot,0.9279,95,2,16005,1
227,GetVideoBot,0.9278,417,21,0,0
228,songfinderbot,0.9278,883,52,32550,13
229,AFexcuses,0.9273,114,3,20802,1
230,freebanbot_planter,0.9273,49,0,630,20
231,tweet_transcriberbot,0.9273,73,1,1246,1
232,Lightlinks,0.9263,299,14,17248,1
233,PaceConverterBot,0.9259,233,10,12569,1
234,Tasty-Shame-7957,0.9259,48,0,6723,7105
235,Factorial-Bot,0.9247,128,4,5687,1
236,BlueprintBot,0.9244,47,0,5838,1
237,SpambotSwatter,0.9244,47,0,3687,19
238,SpitsOutCereal,0.9244,70,1,0,0
239,Tumbler41,0.9244,47,0,8480,2409
240,leonard-bot,0.9244,47,0,107711,2702
241,MurdoMaclachlan,0.9242,90,2,237294,1348
242,geralt-bot,0.924,365,19,170953,76
243,tmcredditbot,0.9234,69,1,3630,1
244,amplifyoucan,0.9229,46,0,30870,27976
245,RedditSilverRobot,0.9226,1486,102,125507,3
246,find-song,0.9226,358,19,10865,46
247,LineBreakBot,0.9224,68,1,11076,3
248,Sunfenmu,0.9224,68,1,98486,99611
249,Bot_Metric,0.9223,3032,223,0,0
250,hearthscan-bot,0.9221,326,17,207402,9
251,deck-code-bot,0.922,157,6,17596,501
252,BernieInvitedMe,0.9213,45,0,17913,22673
253,NinNinBot,0.9213,45,0,47,1
254,good_boye_ghost_bot,0.9213,45,0,69522,56
255,ryankavanaughbot,0.9213,67,1,4268,1
256,amp-is-watching-you,0.9212,394,22,27729,12
257,frj_bot,0.9209,490,29,71301,27
258,TaobaoMobileConvert,0.9202,66,1,6262,23
259,copypastaGPT2Bot,0.9202,66,1,73626,47557
260,the-mad-titan-bot,0.9201,103,3,90937,1
261,stabbot_crop,0.9199,184,8,0,0
262,VideoShakal,0.9197,44,0,2408,10
263,mechkbot,0.9197,44,0,10113,1486
264,ww-currency-bot,0.9197,44,0,18929,5
265,doot_bot,0.9191,151,6,0,0
266,VideoPizdyk,0.919,65,1,1909,1
267,Bot_Testing_Reddit,0.918,43,0,7556,1
268,LuckyNumber-Bot,0.918,4403,353,407927,16
269,allkpop_bot,0.918,43,0,30942,1
270,uBlockLinkBot,0.9178,100,3,6901,1
271,twitterInfo_bot,0.917,2065,159,0,0
272,TumblrDirect,0.9162,42,0,17928,1
273,grc_tip_bot,0.9162,42,0,265,1
274,UpdateMeBot,0.9155,97,3,33636,20
275,RiskyClickerBot,0.9151,324,19,24419,4
276,Mycology_Bot,0.9148,172,8,7998,1
277,Dia-Bot,0.9143,41,0,13412,1
278,Enslaved_Horny_AI,0.9143,41,0,3278,3105
279,botterHooligan,0.9143,41,0,8789,1
280,hpquotebot,0.9143,41,0,4078,9654
281,RepostCheckerBot,0.9138,95,3,9124,1
282,FAToFacdn,0.9132,110,4,58114,4
283,nwordcountbot,0.9129,577,40,658416,787
284,37Pigeons,0.9128,60,1,14854,6890
285,cool-acronym-bot,0.9125,222,12,37623,1
286,freebanbot_wukong,0.9124,40,0,668,1
287,nHentai-Tag-Bot,0.9124,40,0,18955,17
288,black-percentage-bot,0.9118,108,4,35638,218
289,polarbytebot,0.9118,123,5,76555,1406
290,Cloakknight,0.9117,193,10,210767,3171
291,roland1013,0.9114,59,1,10140,11006
292,rosey-the-bot,0.9107,256,15,28051,478
293,MedicatedAxeBot,0.9103,39,0,722,1
294,WitnessProtectionBot,0.9103,39,0,5203,4
295,nigair,0.9103,39,0,12703,660
296,xkcd_bot,0.9103,39,0,85777,126
297,FirminoBot,0.9102,106,4,4422,1
298,MissileBot,0.91,58,1,3810,4
299,Piana_Bot,0.91,58,1,78020,1
300,BundleMaker,0.9097,134,6,4671,1
301,EmotionalField,0.9094,105,4,0,0
302,Rahul-Gandhi-bot,0.909,74,2,0,0
303,FlagWaverBot,0.9082,38,0,34719,378
304,ImpressMe1,0.9082,38,0,4437,38
305,OrcTranslatorBot,0.9082,38,0,356,1
306,doom_bot_,0.9073,157,8,13091,4
307,Lapis_Mirror,0.9071,56,1,53094,919
308,PoBPreviewBot,0.9067,72,2,8567,3
309,spamhunter_bot,0.9065,87,3,3539,7
310,anti-gif-bot,0.9064,6093,578,0,0
311,waterbot12,0.9064,231,14,23927,1
312,sansa-bot,0.9063,303,20,123729,1
313,PatsUtilityBot,0.9062,142,7,3527,333
314,padoru_exe,0.9062,115,5,6444,1
315,uraharaBot,0.9061,101,4,16028,3225
316,paperwhitey,0.9055,71,2,61623,750
317,spirescan-bot,0.9046,113,5,51032,77
318,UnstoppablePhoenix,0.9044,273,18,168501,232680
319,LimbRetrieval-Bot,0.9038,3400,323,306620,2
320,ContestValuable8725,0.9036,36,0,2207,181
321,Deus_Vult_Bot_,0.9036,36,0,8422,78
322,gollum_botses,0.9036,36,0,121220,1
323,AFILinkerBot,0.9035,98,4,2612,1
324,Listige,0.9033,150,8,21593,2109
325,TrumpTrain-bot,0.903,69,2,110786,1
326,NemLiNemLereiBot,0.9014,109,5,7763,244
327,UnitConvertBot,0.901,194,12,162481,1
328,A-normal-player,0.9006,52,1,24929,90375
329,MusicMirrorMan,0.9005,306,22,24402,116
330,uwuwizard,0.9005,624,52,126726,587
331,converter-bot,0.8989,29315,3178,0,0
332,linebreaker-bot,0.8988,653,56,37342,1
333,BananoGiveawayBot,0.8985,34,0,955,1
334,Braves-Bot,0.8985,34,0,3455,2206
335,bloodscan-bot,0.8985,34,0,3553,15
336,jaskier-bot,0.8982,222,15,53976,1
337,MAGABrickBot,0.898,105,5,0,0
338,GivesRandomGoldOut,0.8976,129,7,16725,91
339,Sheev-Palpatine-Bot,0.8975,65,2,97873,1
340,cinephile_bot,0.8975,65,2,2179,1
341,Mentioned_Videos,0.8971,511,43,131711,1
342,myceliumbot,0.8971,104,5,5606,94
343,YouTubeTimestampBot,0.897,50,1,951,1
344,RecognizeSong,0.8967,428,35,15475,7
345,anti-AutoModerator,0.8967,78,3,0,0
346,look-its-a-bot,0.8967,78,3,0,0
347,wordscounterbot,0.8967,174,11,58875,10
348,Freakout_mirror_bot,0.8961,64,2,9656,16
349,afk1337,0.8961,64,2,10301,3072
350,BookFinderBot,0.8957,33,0,1282,1
351,Ink_bot,0.8957,33,0,9830,1
352,SPEBot,0.8957,33,0,551,434
353,SziaUramBot,0.8957,33,0,2205,1
354,free_hug_bot,0.8957,33,0,4065,20
355,jb275,0.8957,33,0,17906,1007
356,title4imagebot,0.8957,33,0,1492,1
357,LewsTherinTelamonBot,0.8956,216,15,206458,1
358,_DORFL_,0.8952,215,15,0,0
359,Pikushibu,0.895,49,1,26267,166899
360,SubredditDetectorBot,0.8946,63,2,5612,1
361,aragorn_bot,0.8942,76,3,214411,10
362,twitterStatus_Bot,0.8942,357,29,86446,1
363,RepostSentinel,0.8939,180,12,30857,1
364,profanitycounter,0.8932,1302,130,168311,1090
365,hotlinehelpbot,0.8931,4414,481,409187,1
366,UTDR_bot,0.8928,32,0,2901,205880
367,gwent_response_bot,0.8928,32,0,6265,53
368,oldmoviebot,0.8928,32,0,593,1
369,seeroflights,0.892,155,10,264634,14757
370,Obiwan-Kenobi-Bot,0.8917,110,6,339760,30
371,chodibot,0.8916,74,3,15981,2505
372,KarmaBotKiller,0.8914,154,10,64712,2582
373,AnimemesBot,0.8912,86,4,32977,1
374,TweetsInCommentsBot,0.8904,353,30,1197728,1
375,CountingStatsBot,0.8897,31,0,2828,1
376,TonkotsuOrTonkatsu,0.8897,31,0,3104,9
377,UpmanshipCorrector,0.8897,31,0,239,1
378,ollyberry,0.8897,31,0,0,0
379,rotyibot,0.8897,31,0,1808,1
380,d3posterbot,0.8893,96,5,49758,1
381,BubbleWrapDelivery,0.8889,46,1,1564,7
382,HFYWaffle,0.8889,46,1,31257,4
383,PennyBotV2,0.8889,46,1,82072,1575
384,caringbott,0.8889,46,1,2133,1
385,emojipastaGPT2Bot,0.8889,46,1,67047,32816
386,trumpcoatbot,0.8889,46,1,121436,1
387,SaimanSaid,0.8872,516,49,187632,44
388,davoodm93,0.8866,45,1,2264,211
389,iloveas2,0.8866,236,19,31129,441
390,Dota_Chatwheel_Bot,0.8865,30,0,1133,1
391,alternate-source-bot,0.8861,273,23,167550,3043
392,vreddit_bot,0.886,282,24,0,0
393,Decronym,0.8859,244,20,110093,1
394,carnist_bot,0.885,92,5,111284,1224
395,Gyazo_Bot,0.8843,528,52,20045,1
396,devTripp,0.8839,192,15,57080,203997
397,Axis_Order,0.883,29,0,20279,1
398,JMOD_Bloodhound,0.883,68,3,20004,182
399,freebanbot_george,0.883,29,0,601,1
400,HBB_Spambot,0.8827,56,2,2727,2
401,MountainProjectBot,0.8824,121,8,16463,1
402,TendieBot3000,0.882,100,6,34027,1
403,OrangeFactBot,0.8819,43,1,0,0
404,SuicideAwarenessBot,0.8818,1397,159,0,0
405,Anakin_Skywalker_Bot,0.8804,294,27,599723,1995
406,ThesaurizeThisBot,0.8804,667,71,364195,374
407,tweettranscriberbot,0.8804,167,13,119032,7
408,Assassin_Ankur,0.8798,98,6,91748,4411
409,MultiSourceNews_Bot,0.8798,194,16,20937,18
410,OtherAMPBot,0.8794,42,1,10406,1
411,SpotifyInfoBot,0.8794,28,0,6856,1
412,asx__bot,0.8794,28,0,4830,577
413,saruman-bots,0.8794,28,0,59697,10
414,Zelda2hot,0.8769,654,72,33113,1
415,DupeBro,0.8768,1070,125,103442,3
416,Kenobi-Bot,0.8768,41,1,67339,1
417,TenHagBot,0.8768,53,2,8452,1
418,bubble__wrap__bot,0.8768,41,1,2558,28
419,pepeloni_bot,0.8768,41,1,2476,195
420,RivalryBot,0.8764,95,6,73320,1
421,FGF_Info_Bot,0.8754,27,0,4606,1
422,JKUAN108,0.8754,27,0,159018,118719
423,SaltOffice8,0.8754,27,0,2543,5
424,Sylv666,0.8754,27,0,4674,6530
425,YTTMirrorBot,0.8754,27,0,0,0
426,gubutler,0.8754,27,0,547,1
427,marpoksma,0.8754,27,0,73728,11789
428,HeroesInfoBot,0.8749,113,8,24987,1
429,TaobaoTools,0.8747,63,3,7032,411
430,translator-BOT,0.8747,63,3,12171,3325
431,tellmeafactGPT2Bot,0.8746,52,2,18240,2031
432,botguy12,0.8745,450,48,36693,53
433,TheLastAirbender_Bot,0.874,40,1,90,45
434,roastbot,0.874,40,1,833,1
435,stoa_bot,0.874,40,1,2122,1
436,rollme,0.8739,112,8,77060,1
437,Progress-Year-Bot,0.8737,166,14,19847,1
438,me_too-thanks,0.8729,62,3,7423,1
439,the_episode_bot,0.8729,62,3,9878,374
440,tormund-g-bot,0.8729,62,3,161412,7
441,dealferret,0.8722,101,7,11893,270
442,PenisDetectorBot,0.8721,417,45,35222,1
443,Ananos_TipBot,0.8713,26,0,1870,4
444,DimKodo,0.8713,26,0,9557,6253
445,app-info-bot,0.8713,26,0,3725,1
446,award-cost-bot,0.8713,26,0,4828,5420
447,hateful_liam,0.8713,26,0,111632,86120
448,maro-bot,0.8713,26,0,32667,1427
449,ollieapexbot,0.8713,26,0,3814,3
450,YuGiOhCardBot,0.8712,39,1,5591,3
451,_GeneralGrievous_Bot,0.871,81,5,68561,1
452,Okabot,0.8709,109,8,17706,1
453,multiplevideosbot,0.8709,109,8,7770,3
454,NYTimesBot,0.8702,50,2,9818,1
455,HuachiBot,0.8696,80,5,25365,13561
456,XKCD-pro-bot,0.8696,80,5,4755,1
457,vizzy_t_bot,0.8691,70,4,356293,90
458,nallaBot,0.8688,116,9,7987,218
459,FactorioModPortalBot,0.8682,38,1,2925,1
460,VIMBot,0.8682,38,1,3186,1
461,alphabet_order_bot,0.8681,13319,1929,1072970,1
462,BattleBusBot,0.8678,49,2,431,1
463,fuck-you-logang-bot,0.8678,49,2,0,0
464,KeepSafeBot,0.8677,88,6,1118,2
465,HugBot69,0.8671,59,3,3279,1
466,DingDong_Dongguan,0.8668,25,0,43785,403
467,FakeFurBot,0.8668,25,0,2627,1
468,matt45,0.8668,25,0,43860,3485
469,kelvin_bot,0.8667,3032,421,121858,1
470,word_clouds__,0.8666,131,11,43044,1
471,autourbanbot,0.8664,244,25,98481,1
472,chris_brown_bot,0.866,147,13,58648,1
473,translaterobot,0.8654,48,2,2709,10
474,Despacito-2-Bot,0.8652,121,10,9952,1
475,youtubefactsbot,0.8652,1851,253,237928,1
476,f1_spelt_as_bot,0.865,760,96,117129,1
477,Cryptionary,0.8638,94,7,1587,1
478,PF_Mirror_Bot,0.8636,111,9,1713,1580
479,metric_units,0.8631,10847,1633,0,0
480,societybot,0.863,312,35,135353,499
481,SpellingUkraine,0.8629,407,48,22927,1
482,downloadmp4,0.8629,47,2,0,0
483,Craigslist-Bot,0.8621,66,4,14809,1
484,FuckSpamBot,0.862,24,0,1270,1
485,PGNtoGIF,0.862,24,0,1771,1
486,SemiFluentBot,0.862,24,0,17984,1
487,WispishWurm,0.862,24,0,99927,15708
488,bumble-bee-humble,0.862,24,0,466,84107
489,pat_is_moon,0.862,24,0,35709,5152
490,unifarm_bot,0.862,24,0,2378,1
491,virtual-walter,0.862,24,0,3490,1
492,CFB_Twitter_Bot,0.8618,36,1,25523,1
493,MCL246_Bot,0.8605,164,16,15056,10
494,RECabu,0.8605,2604,379,182441,106
495,ChessFenBot,0.8602,65,4,8927,32
496,TitleOfUrSxtape-Bot,0.8602,46,2,5262,2
497,chip-paywallbot,0.8602,74,5,4944,1
498,fukramosbot,0.8602,65,4,5128,322
499,pterodaktyl4,0.8602,65,4,152044,19609
500,sufficiency_bot,0.8602,46,2,68980,1
501,MTGCardFetcher,0.86,668,87,1381255,19
502,RegularEality,0.8594,99,8,0,0
503,FurryMirrorBot,0.8586,55,3,11359,24
504,SmallSubBot,0.8586,701,93,3141592,3141592
505,TrollaBot,0.8586,55,3,0,0
506,ObserverOfVoid,0.8583,35,1,10925,1507
507,IMDb_Preview,0.8579,114,10,1676,2
508,KyivNotKievbot,0.8575,190,20,7938,1
509,YugiohLinkBot,0.8575,45,2,49617,1
510,yzri,0.8575,45,2,0,0
511,3DS_QR_Bot,0.8569,23,0,1229,1
512,BapcsBotCanada,0.8569,23,0,1877,1
513,C_H_A_R_L_O_T_T_E,0.8569,23,0,3,5489
514,Compliments-bot,0.8569,23,0,3102,8
515,FloorPlanBot,0.8569,23,0,2410,1
516,HFYBotReborn,0.8569,23,0,10753,107
517,MotherOfAllBots,0.8569,23,0,12263,1
518,terrariawiki,0.8569,23,0,1557,1
519,table_it_bot,0.8565,2148,320,291260,6
520,sneakpeek_bot,0.8563,63,4,83631,1001
521,WeSeeComrade,0.8557,315,38,22504,1028
522,EncouragementRobot,0.8555,1265,183,134577,1
523,plant-id-bot,0.8549,562,75,26771,1
524,CoopBot-GPT2,0.8547,34,1,13277,1021
525,PewDieSubBot,0.8547,44,2,5892,8
526,mlbcomparebot,0.8547,34,1,13355,81
527,pm_me_user_bot,0.8547,44,2,9,534
528,WhatIsThisBot,0.8543,62,4,39028,1
529,cursedrobot,0.8539,199,22,5299,533
530,bandalbumsong,0.8534,110,10,51815,9
531,election_info_bot,0.8534,549,74,366227,855
532,running_against_bot,0.8531,219,25,0,0
533,AutoCrosspostBot,0.853,3212,504,56441,2105326
534,CuratorOfYourDreams,0.8522,61,4,84620,56054
535,indirbeni,0.8515,358,46,0,0
536,fuck_off_lifeod_bot,0.8514,69,5,4100,1
537,--B_L_A_N_K--,0.8513,22,0,21427,483
538,CommonMispeIIingBot,0.8513,22,0,4695,1
539,Coy-Bot,0.8513,22,0,1662,29
540,FleetFlotTheTweetBot,0.8513,22,0,11070,171
541,Koakuma_bot,0.8513,22,0,4149,2003
542,MICposter,0.8513,22,0,0,0
543,NewYorkMetsBot2,0.8513,22,0,2568,13210
544,RobobutlerMMXV,0.8513,22,0,5873,108
545,Tecnho_Bot,0.8513,22,0,275,1
546,anoako,0.8513,22,0,617977,143402
547,conlangsGPT2Bot,0.8513,22,0,7440,1828
548,kimi_raikkonen_bot,0.8513,22,0,4131,1
549,imguralbumbot,0.8512,5387,877,0,0
550,clone_trooper_bot,0.851,108,10,165761,610
551,deck_bot,0.8508,33,1,2514,4
552,SoulsLikeBot,0.8504,987,146,40114,1
553,EyeBleachBot,0.8498,107,10,73256,1
554,emojiRobocop,0.8494,76,6,0,0
555,immaginiBot,0.8494,76,6,10599,136
556,tiny_smile_bot,0.849,903,134,66718,1
557,SlothFactsBot,0.8488,205,24,85682,1
558,DecisionBot,0.8486,106,10,104650,455
559,bot-amos-counter,0.8486,42,2,9235,29
560,chaintip,0.8486,42,2,22088,134
561,coverageanalysisbot,0.8486,91,8,11233,10
562,YTubeInfoBot,0.8483,170,19,33693,1
563,GradeConversionBot,0.8477,75,6,8560,1
564,ThisCatMightCheerYou,0.8477,2299,370,104380,148
565,metric_robot,0.8473,536,76,45398,1
566,MemeInvestor_bot,0.8471,90,8,108908,2931
567,waterguy12_tag_bot,0.8471,90,8,5540,1
568,Fashionreps_Linkify,0.8468,32,1,5198,3
569,MarvelSnapCardBot,0.8468,32,1,4176,491
570,HIPPAbot,0.8466,729,108,80631,1
571,RedditFantasyBot,0.8463,50,3,3389,1
572,FeanaroBot,0.8454,21,0,33856,75
573,HenryRollinsBot,0.8454,21,0,440,1
574,Manangostips,0.8454,21,0,108,6
575,NoMobileArticlesBot,0.8454,21,0,3759,1
576,Satori-Blue-Shell,0.8454,21,0,21,36
577,groot-bot,0.8454,21,0,18712,1
578,kavkavbot,0.8454,21,0,1801,1
579,liamdun,0.8454,21,0,29015,5602
580,Elrond_Bot,0.8448,81,7,156025,1
581,backtickbot,0.8439,394,55,8187,513
582,TopCommentOfTheDay,0.8436,49,3,16977,35309
583,CouldWouldShouldBot,0.8434,1076,170,105146,1
584,hwsbot,0.8434,102,10,22771,1687
585,AngryItalianBoy,0.8426,31,1,0,0
586,TrumpBrickBot,0.8426,31,1,43160,1
587,nflcomparebot,0.8426,31,1,12938,511
588,underscorebot,0.8426,31,1,2198,5
589,dota_responses_bot,0.8421,40,2,101180,1
590,LegoLinkBot,0.8419,1596,263,241959,42
591,veganactivismbot,0.8418,308,42,39336,36797
592,DiscrepaBot,0.8408,48,3,3452,1
593,ZeroTwoBot,0.8407,56,4,8598,453
594,haikubot-1911,0.8403,17546,3211,412323,1
595,Shut_Up_Exe_Bot,0.8402,224,29,23379,372
596,CrootBot,0.8391,63,5,23577,277
597,jmk_2017,0.8391,63,5,124656,100
598,DeBargeBot,0.8389,20,0,22329,1
599,DenwaRenjiChan,0.8389,20,0,5913,1
600,FOVSliderBot1,0.8389,20,0,540,257
601,GeneralKenobbot,0.8389,20,0,2396,1
602,H-AI-KU,0.8389,20,0,3837,16
603,PepegaBot,0.8389,20,0,86269,245
604,PornHelperBot,0.8389,20,0,2050,1
605,SimStart,0.8389,20,0,84586,169401
606,SwapNSalebot,0.8389,20,0,1785,22
607,Uncle-Iroh-Bot,0.8389,20,0,23544,34
608,alot-of-bot,0.8389,20,0,9742,1
609,etnguyen03,0.8389,20,0,82500,46347
610,mods-bot,0.8389,20,0,3532,25
611,nbviewerbot,0.8389,20,0,994,1
612,nextDDTBot,0.8389,20,0,3166,1
613,sg_paywall_buster,0.8389,20,0,2305,7
614,throwaway_acc__lol,0.8389,20,0,6168,10742
615,Hydrate_bot,0.8381,30,1,2652,15
616,Mistread_GPT3,0.8381,30,1,42457,990
617,VelvetBot,0.8381,30,1,40828,390
618,modsearchbot,0.8381,30,1,6841,221
619,smash_sniffer,0.8381,30,1,21165,1
620,pearlfectator,0.8379,151,18,13081,1
621,same_subreddit_bot,0.8379,3032,535,95085,1
622,YoUaReSoInTeLlIgEnT,0.8367,279,39,21197,241
623,-Agent-47-,0.8364,162,20,0,0
624,GoodUserBot,0.8363,69,6,1058,1
625,2Dgt3D,0.8354,198,26,79880,2
626,HappyFriendlyBot,0.8354,508,79,0,0
627,FuckTokenBot,0.8341,102,11,6202,76
628,HextechOracle,0.8333,29,1,15345,1
629,userleansbot,0.8332,195,26,51814,145
630,LawBot2016,0.8322,60,5,25574,1
631,ClickableLinkBot,0.8318,2070,375,3141592,3141592
632,DaltonicBot,0.8318,19,0,714,35
633,Deva_Karma,0.8318,19,0,754,105
634,LuffyWantsMeat,0.8318,19,0,4412,1
635,PersimmonNice1502,0.8318,19,0,316,20
636,ShadowBanCheckBot,0.8318,19,0,3155,1
637,Squid_Bot,0.8318,19,0,2062,17909
638,The-Gonk-bot,0.8318,19,0,11651,1
639,V1KRAMM,0.8318,19,0,38036,21311
640,angeliKITTYx,0.8318,19,0,11641,6134
641,cannacoin_tipbot,0.8318,19,0,0,0
642,dramaGPT2Bot,0.8318,19,0,50459,23438
643,podtatranec,0.8318,19,0,4280,122
644,DbD_Bot,0.8316,45,3,6410,11
645,UndeleteParent,0.8316,383,59,0,0
646,jerrys_doctor_bot,0.8311,37,2,22066,16
647,AlexaPlayBot,0.8302,946,164,176507,164
648,PodcastsBot,0.8302,52,4,1964,1
649,kuilinbot,0.8301,155,20,17591,33
650,BlogSpammr,0.83,456,73,173080,8836
651,TendieBot2000,0.8298,1721,313,351612,1
652,NGramatical,0.8297,488,79,57680,20
653,phcbot,0.8295,248,36,39534,16
654,useles-converter-bot,0.8292,7963,1554,805745,1037
655,Thanos__Bot,0.8289,92,10,41799,3
656,colorsbot,0.8286,522,86,16868,44
657,tippr,0.8284,44,3,33558,98
658,JustUnsubbedBot,0.8282,28,1,4777,1
659,morbius_bot,0.8282,28,1,8278,2
660,ColorizeThis,0.8279,653,111,34700,5
661,SubAutoCorrectBot,0.8274,985,175,27536,78
662,tony-stark-bot,0.8273,116,14,100609,3660
663,LatexImageBot,0.8271,36,2,2274,20
664,MEMRIBot,0.8271,36,2,17950,1
665,MeeemeBot,0.8271,36,2,1125,5
666,BananaFactBot,0.8253,1154,211,0,0
667,HogwartsBot,0.825,43,3,35133,1
668,BW4D,0.8241,18,0,16080,13
669,FlairUp-Bot,0.8241,18,0,1100,1
670,Krzysztof_Bosak_bot,0.8241,18,0,1921,1
671,Miraster,0.8241,18,0,0,0
672,PlayHouseBot-Gpt2,0.8241,18,0,249,155
673,Squorlple,0.8241,18,0,41446,133268
674,historyanecdotesGPT2,0.8241,18,0,0,0
675,subsimgpt2GPT2Bot,0.8241,18,0,31465,12980
676,ChadBot2000,0.8235,101,12,46769,2
677,AussiePaywallBypass,0.8229,27,1,0,0
678,CarofTomorrow,0.8229,27,1,0,0
679,I_Love_You-BOT,0.8225,198,29,0,0
680,AvoidBot,0.8222,118,15,53735,1
681,PirateCaptainSparrow,0.8221,94,11,67312,1
682,TheDroidNextDoor,0.8221,2833,560,103430,1
683,DJ_Spam,0.822,100,12,86530,19
684,Otis_Skrybot,0.8219,69,7,5222,1
685,AwkwardMod,0.8214,49,4,0,0
686,BlessedDayBot,0.8214,49,4,2091,1
687,Saruman_Bot,0.8214,42,3,101511,1
688,paying_respects_bot,0.8214,42,3,6935,1
689,ConvertsToTomCruise,0.8212,75,8,61051,1
690,plsrespecttables,0.8206,62,6,40502,1
691,Walmart-bot,0.8191,104,13,10370,838
692,FoodSafePrintBot,0.8189,80,9,4307,1
693,Respect_Paying_Bot,0.8186,34,2,19478,8
694,notbob1959,0.8186,34,2,906591,1516600
695,SSDBot,0.8181,61,6,13907,1
696,maqiu_24,0.8177,41,3,0,0
697,CephalonWiki,0.8172,26,1,8573,538
698,CottonTCM,0.8172,26,1,2045,4584
699,SuperstonkBot,0.8172,26,1,0,24991
700,IamYodaBot,0.8164,15693,3400,0,0
701,owoifier,0.8164,416,73,0,0
702,DarkFalconPanther,0.8157,17,0,0,0
703,FBICrimeStatistic,0.8157,17,0,0,0
704,JohnWickBot,0.8157,17,0,2257,445030
705,NHLConvertrRodriguez,0.8157,17,0,20505,1
706,PleaseRespectTables_,0.8157,17,0,1765,1
707,SohamReddit69,0.8157,17,0,18416,1178
708,Yulinka17,0.8157,17,0,60029,375896
709,beardown_bot,0.8157,17,0,491,904
710,css_irl_bot,0.8157,17,0,628,1
711,findthesniper-helper,0.8157,17,0,2026,1
712,hornispoiler,0.8157,17,0,682,118
713,nuttz207,0.8157,17,0,11203,1603
714,ooerGPT2Bot,0.8157,17,0,30582,10992
715,cryptochecker,0.8149,78,9,6340,117
716,haiku-detector,0.8147,188,29,5217,5
717,KorokBot,0.8139,33,2,6496,1
718,lit_word_bot,0.8136,53,5,14863,1753
719,AFSCbot,0.8133,202,32,13312,1
720,SnapshillBot,0.8119,582,110,822788,391
721,FYourTeam,0.8118,132,19,129071,1
722,generic_reddit_bot_2,0.8114,1429,293,33864,37
723,BotList,0.8111,25,1,664,1
724,Lopsided-Inspector24,0.8111,25,1,8280,2690
725,RabbitsModBot,0.8111,25,1,10395,2
726,druidscan-bot,0.8111,25,1,7745,528
727,No_H_in_Cage,0.8108,93,12,29124,1
728,salem-censor-bot,0.8107,104,14,7720,12
729,onlyupliftingcomment,0.8105,52,5,0,0
730,69NiceBot69,0.8102,58,6,8439,1
731,not_so_magic_8_ball,0.8102,58,6,34912,1
732,Capital_R_and_U_Bot,0.81,664,129,21462,37
733,LocationBot,0.81,253,43,374038,3818
734,HornyJailBotOnReddit,0.8099,98,13,4355,18
735,IWantToLearnBot,0.8099,39,3,4308,1
736,ThisBotWearsClothes,0.8099,39,3,2118,5
737,theHelperdroid,0.8097,522,99,112945,1
738,ImJimmieJohnsonBot,0.8091,32,2,26469,1
739,TripSitBot,0.8091,32,2,2860,1
740,golfwithdonald,0.8091,92,12,12779,128
741,kimi-bot,0.8091,32,2,639,1
742,among_us_bot,0.8082,69,8,4418,1
743,gdbakshibot,0.8082,69,8,13731,1
744,SavageVoodooBot,0.8081,45,4,10014,108
745,AntiObnoxiousBot,0.8079,1002,205,62098,25
746,clipsync,0.8077,63,7,47509,133
747,IFlipCoins,0.8074,80,10,23683,5
748,normie_detector_bot,0.8074,57,6,11132,597
749,BillyCloneasaurus,0.8064,16,0,269480,9350
750,ExplainsRemovals,0.8064,16,0,44144,3
751,FlamingUnoBot,0.8064,16,0,9329,103
752,ImperialSoldiers,0.8064,16,0,2548,6102
753,LithopsIsSingularBot,0.8064,16,0,1321,1
754,NightMirrorMoon,0.8064,16,0,60535,1
755,OEISbot,0.8064,16,0,3093,1
756,RTG-rohittugaya,0.8064,16,0,87578,415083
757,Spengletron,0.8064,16,0,1028,11
758,TsurezureTracker,0.8064,16,0,944,8
759,Type_II_Bot,0.8064,16,0,4613,1
760,gregor-bot,0.8064,16,0,5178,100
761,ruduuT,0.8064,16,0,551,244
762,stab_in_the_eye_bot,0.8064,16,0,951,12
763,taobaospacebot,0.8064,16,0,920,6
764,theghostofme,0.8064,16,0,853352,60268
765,___alexa___,0.8062,1462,311,266424,1
766,KeepingDankMemesDank,0.8058,463,89,403840,1372
767,steamDescriptionBot,0.8057,38,3,4608,1
768,Bot2Thanks,0.8055,132,20,4513,3055
769,qual_ecopula-BOT,0.8055,132,20,7782,1
770,prequelmemes_bot,0.8054,236,41,0,0
771,1800-bakes-a-lot,0.8046,24,1,87715,9766
772,Dwight--Bot,0.8046,24,1,0,0
773,fast-parenthesis-bot,0.8046,24,1,4241,1
774,DatsARepost,0.8039,31,2,607,1
775,PhilsBot,0.8039,31,2,12529,62398
776,Random-Gif-Bot,0.8039,746,153,431664,1286
777,StupidPrizeBot,0.8035,429,83,0,0
778,Maul_Bot,0.8033,78,10,123690,1
779,Good_GoodBot_BadBot,0.8019,488,97,6037,1
780,YodaIsOnReddit-Bot,0.8019,1992,444,0,0
781,BayonettaBasher,0.8016,55,6,319032,130183
782,umnikos_bots,0.8012,77,10,43301,457
783,TwitchClips2Youtube,0.7998,71,9,12197,215
784,blender-rules-bot,0.7994,97,14,12313,1
785,good-Human_Bot,0.7994,360,70,37403,1
786,CatGamer_118,0.7985,30,2,17934,41742
787,PsyonixCommentBot,0.7985,30,2,145,1
788,sauron-bot,0.7985,30,2,142698,1
789,subsimgpt2metaGPT2,0.7985,30,2,0,0
790,WPT-Bot,0.7984,65,8,125,70
791,ChickenRoad_Bot,0.7976,23,1,964,1
792,jarjar_bot,0.7969,59,7,112734,3
793,GGGGobbler,0.7968,42,4,18929,8
794,snoocockbot,0.7968,36,3,11168,22
795,trynumber53,0.7968,36,3,76384,32444
796,phc-bot,0.7966,314,61,84580,47
797,AlexJonesInfowarsBot,0.7961,15,0,587,1
798,BethesdaReplied,0.7961,15,0,62,1
799,Dazzling_Aside2623,0.7961,15,0,1387,1117
800,EliannaRys,0.7961,15,0,24048,2186
801,JackBogleBot,0.7961,15,0,1043,1
802,Jason310M,0.7961,15,0,158049,6003
803,Just_Pick_Already,0.7961,15,0,4438,20
804,Manthan10,0.7961,15,0,25147,26288
805,OBiWanBot,0.7961,15,0,0,0
806,ThisIsMyLaifu,0.7961,15,0,945,1
807,ToTheWallWithYou,0.7961,15,0,0,0
808,_Diabetes,0.7961,15,0,36288,1130
809,anonaccountphoto,0.7961,15,0,22407,4419
810,cartinesebot,0.7961,15,0,5249,3
811,cl4p-trap0,0.7961,15,0,11837,8971
812,comics_outta_context,0.7961,15,0,65195,45
813,corbettbot,0.7961,15,0,3609,4
814,fadetheraiders,0.7961,15,0,7595,83
815,gemifra,0.7961,15,0,106017,1164782
816,hololive,0.7961,15,0,45275,1418330
817,minecraftslayer73,0.7961,15,0,10472,37462
818,shitkonfasays_bot,0.7961,15,0,1129,1
819,xKARABOGAx,0.7961,15,0,0,0
820,PabloBot-GPT2,0.7928,29,2,87008,3722
821,phins_up,0.7928,29,2,0,0
822,DominionCardBot,0.7927,41,4,2692,1
823,OwO_Bot,0.7924,122,20,37232,5804179
824,AuntieRobot,0.7921,52,6,1705,5
825,tinder_rules_bot,0.792,35,3,2267,1
826,Generic_Reddit_Bot,0.7911,4202,1037,157904,54
827,FuckCoolDownBot2,0.7903,555,121,68416,234
828,Captain_Rex_Bot,0.7902,46,5,77853,1
829,Airport-Code-Bot,0.7901,22,1,1508,1
830,CodeFormatHelperBot2,0.7901,22,1,1335,1
831,aryanchaurasia,0.7901,125,21,0,0
832,colorizebot2,0.7901,22,1,16599,34
833,fuck-tribun,0.7901,22,1,1149,1
834,youtube_preview_bot,0.7901,22,1,4331,53
835,nice___bot,0.7893,1715,411,156490,1
836,Thank_bot,0.788,56,7,9014,1
837,ConfectorSdZ,0.787,34,3,8559,23485
838,_greentext_,0.787,34,3,2313,3
839,shitty-converter-bot,0.787,34,3,21980,1
840,PWOutsider,0.7868,28,2,7338,1
841,goodreads-bot,0.7849,875,206,122837,1649
842,Aculisme,0.7847,89,14,12510,14846
843,BlackmonBot,0.7847,14,0,5164,1
844,BookHorseBot,0.7847,14,0,3259,745
845,CashTipper,0.7847,14,0,580,1
846,Cursed_Judge,0.7847,14,0,69132,53974
847,FileTheseBirdsBot,0.7847,14,0,4915,1
848,GryvousBot,0.7847,14,0,27555,7
849,Iroh_Bot,0.7847,14,0,4439,1
850,IxNaY1980,0.7847,14,0,32714,3663
851,KDEBugBot,0.7847,14,0,1412,1
852,LucifersPromoter,0.7847,14,0,84304,2990
853,SakuraiBot,0.7847,14,0,39335,242349
854,TendieBot20O0,0.7847,14,0,0,0
855,Wiki_Link_Bot,0.7847,14,0,0,0
856,bapcs_data_bot,0.7847,14,0,1690,2
857,bookwisebookbot,0.7847,14,0,400,1
858,gary_bot,0.7847,14,0,0,0
859,green183456,0.7847,14,0,21932,9592
860,humhurr,0.7847,14,0,7611,8512
861,icephoenix821,0.7847,14,0,45263,2123
862,rouen_sk,0.7847,14,0,40856,1055
863,subsimmetaGPT2Bot,0.7847,14,0,7527,3531
864,wikipediaGPT2Bot,0.7847,14,0,33338,10574
865,pickbot,0.7846,60,8,6622,1248
866,AmongUsCockBot,0.7844,354,76,0,0
867,_YOU_DROPPED_THIS_,0.7844,1873,465,22777,2
868,botwasnotanimposter,0.7843,178,34,13069,149
869,R0dn3yS,0.784,39,4,14559,2047
870,empleadoEstatalBot,0.784,182,35,32035,614
871,bot_en,0.7839,418,92,12398,184
872,TotesMessenger,0.7833,1716,427,3141592,3141592
873,could-of-bot,0.7832,2110,531,0,0
874,Shauns_,0.782,21,1,180041,62602
875,VideoDownloadNode,0.782,21,1,1813,117
876,WhatIsBaitBot,0.782,21,1,260,1
877,boulderingbot,0.782,21,1,2107,1
878,ioWxss6_bot,0.782,21,1,2175,14
879,von_bot,0.782,21,1,24800,6
880,pretty_nice_meme_bot,0.7818,255,53,11147,96
881,Adventurous_Proof921,0.7817,33,3,10812,6082
882,RichSteps,0.7817,33,3,5547,3776
883,rip-video,0.7817,33,3,4152,1898
884,chessvision-ai-bot,0.7809,1943,494,223553,168
885,KomaedaEatsBagels,0.7804,27,2,36900,3674
886,RSWikiLink,0.7804,27,2,2482,4
887,to_gfycat_bot,0.7804,27,2,6651,1
888,PressFBot,0.7795,268,57,97373,5
889,chat_disabled_bot,0.7793,38,4,0,0
890,FuckSpamBots,0.7783,254,54,5728,14
891,PlebeianBot,0.7783,43,5,6258,35
892,alexanderhameowlton,0.7781,72,11,170746,124047
893,let_that_sink_in,0.7781,72,11,67201,1
894,SomaliNotSomalianbot,0.777,651,157,52506,48
895,EmojifierBot,0.7767,1542,397,0,0
896,speakupbot,0.7765,354,80,0,0
897,VacSa,0.7762,32,3,119401,20514
898,csgomatchhighlights,0.7762,32,3,11425,10690
899,randiakarma,0.7762,32,3,5317,1
900,votebymailbot2020,0.7762,32,3,0,0
901,couldshouldwouldbot,0.7755,206,43,0,0
902,nocontextGPT2Bot,0.7755,57,8,37689,22577
903,Paid-Not-Payed-Bot,0.7753,5097,1392,216731,9
904,infp_validator_bot,0.7748,52,7,8753,1
905,Upside_Down-Bot,0.7747,6283,1733,289047,45
906,sheev-bot,0.7745,37,4,178827,1
907,DTG_Bot,0.7741,42,5,18011,1070074
908,savemp4bot,0.7741,42,5,0,0
909,Ahsoka_Tano_Bot,0.7739,176,36,312251,38
910,BeginnerProjectsBot,0.7735,26,2,4678,1
911,GoodBot_GoodBot,0.7735,26,2,5989,25
912,PixivMirrorBot,0.7735,26,2,526,1
913,SweeperBot_Bot,0.7735,26,2,11005,1545
914,YugiohCardBotJr,0.7735,26,2,4499,46
915,frodo_bot,0.7735,26,2,53819,11
916,AnimalFactsBot,0.7734,2740,740,342558,1
917,MmmBaconBot,0.7734,61,9,7095,1
918,animalfactsbot,0.7734,2740,740,342558,1
919,EnjoyTheUsernameGIF,0.7733,20,1,70004,2545
920,FeedsBot,0.7733,20,1,4350,16
921,FlameoftheeWest,0.7733,20,1,37358,74393
922,Formatting_Help_Bot,0.7733,20,1,3842,1
923,GitHubPermalinkBot,0.7733,20,1,1127,1
924,music-bot,0.7733,20,1,1289,1
925,R34Robot,0.7731,79,13,16921,14248
926,wikipedia_answer_bot,0.7725,10299,2911,633247,105
927,MemePolice_bot,0.7724,238,52,0,0
928,AaravosBotTDP,0.7719,13,0,8379,5
929,AutoRepliesBot,0.7719,13,0,728,812
930,AutomatedAntifascism,0.7719,13,0,683,1
931,BadBatchBot,0.7719,13,0,5221,499
932,BotProtivClickbaita,0.7719,13,0,8510,1
933,Destiny_Flavor_Text,0.7719,13,0,613364,5565
934,GiversBot,0.7719,13,0,4995,2887
935,KingGamerlol,0.7719,13,0,5433,14588
936,LinkRav_Bot,0.7719,13,0,1643,1
937,SpaceXMirrorBot,0.7719,13,0,7041,227
938,WonderwallBot,0.7719,13,0,847,1
939,Yiff_Bot,0.7719,13,0,1645,227384
940,arceus03,0.7719,13,0,6372,799
941,bagelbagel44,0.7719,13,0,11786,77835
942,budget_Rick_Deckard,0.7719,13,0,2862,1
943,ireadthingsaloud,0.7719,13,0,1111,1
944,justNObot,0.7719,13,0,0,0
945,kvothe5688,0.7719,13,0,80515,24397
946,nhlcomparebot,0.7719,13,0,9834,1
947,pntns,0.7719,13,0,10779,3294
948,scienceGPT2Bot,0.7719,13,0,25308,10798
949,spotify_transcriber,0.7719,13,0,5769,129
950,video-rotator,0.7719,13,0,923,11
951,MonikaBot,0.7712,51,7,53425,143
952,NicolasBotCage,0.7709,328,76,11989,40
953,spelt_toRo_roSSo,0.7704,31,3,16945,152
954,RequiemPowerBot,0.7703,95,17,42860,23
955,LevyRozbot,0.7695,36,4,1157,1
956,foreskin_bot,0.7689,55,8,1566,1
957,scountbot,0.7689,55,8,7824,1
958,sneakpeekbot,0.7686,12923,3752,3141592,3141592
959,substitute-bot,0.7677,81,14,7753,1
960,DesiAlexa,0.7676,247,56,16906,50
961,Loli-Tag-Bot,0.7675,50,7,40266,162
962,jinx__bot,0.7669,332,79,11132,1
963,copy-kun,0.7663,25,2,0,0
964,vim-help-bot,0.7663,25,2,1874,9
965,flair-checking-bot,0.7654,1650,456,202813,1771
966,the-blox,0.765,40,5,11905,6
967,GANDHI-BOT,0.7644,807,214,72430,1
968,RepliesNice,0.7643,30,3,272066,1
969,phcsaucebot,0.7643,331,80,0,0
970,Bot__Buster,0.7642,35,4,1722,1
971,CompileBot,0.7639,19,1,32144,14
972,GilderienBot,0.7639,19,1,34856,1058
973,TopPostOfTheDay,0.7639,19,1,4996,3699
974,manga-bot,0.7639,19,1,2317,32
975,tipofmytongueGPT2Bot,0.7639,19,1,8310,2035
976,LinkifyBot,0.7637,5443,1593,0,0
977,Meme_Stat_Bot,0.7637,49,7,16883,16
978,tobey-maguire-bot,0.7626,127,26,537985,524
979,_trailerbot_tester_,0.7613,555,145,9715,1
980,topredditbot,0.7607,57,9,70814,642797
981,auto-xkcd37,0.7604,3008,879,320924,1
982,Waterguy12CounterBot,0.7602,39,5,0,0
983,tyrannosnorlax,0.7602,39,5,146859,14272
984,waterguybot12,0.7602,39,5,8051,1
985,B0tRank,0.76,23686,7286,866221,1
986,i_am_a_normal_human,0.7598,48,7,12492,302
987,note-to-self-bot,0.7598,61,10,7063,3
988,PCMRBot,0.7595,144,31,18213,86
989,YodaOnReddit-Bot,0.7595,1465,416,0,0
990,ShittyJokeExplainBot,0.7587,34,4,171918,1
991,DeepIntoYouTubeStats,0.7586,24,2,3168,1
992,samdog1246,0.7586,24,2,36651,916
993,FortniteIsCancerBot,0.758,739,202,41505,72
994,CakeDay--Bot,0.7577,358,91,44704,44
995,HarryMaguire_BOT,0.7576,43,6,30649,16
996,3dprinting_helpbot,0.7575,12,0,736,1
997,BoneHurtingBot,0.7575,12,0,603,16
998,CommentChecker,0.7575,12,0,489,4
999,DevourerOfGodsBot,0.7575,12,0,1013,1674
1000,FCInterMilan,0.7575,12,0,4329,33243
1001,HornySheriff,0.7575,12,0,1672,1
1002,ID10-Seeker-Droid,0.7575,12,0,395,1
1003,KayDecayBot,0.7575,12,0,2914,1
1004,KingFahadX,0.7575,12,0,57516,25874
1005,LitecoinPrice,0.7575,12,0,85,1
1006,MamataBot,0.7575,12,0,357,5
1007,NanoraBotV2,0.7575,12,0,423,1163
1008,RonSwansonIsAMood,0.7575,12,0,4614,1
1009,SnowSX3,0.7575,12,0,31136,59502
1010,TheDawgLives,0.7575,12,0,22138,1530
1011,TheJustNoBot,0.7575,12,0,3982,429
1012,aaAAAaaahh_bot,0.7575,12,0,0,0
1013,boobfar,0.7575,12,0,72619,2506
1014,hublo123,0.7575,12,0,8145,11419
1015,hulkios,0.7575,12,0,0,0
1016,khuxnaRetweetBot,0.7575,12,0,0,0
1017,milkbot200,0.7575,12,0,16118,11266
1018,nhentai-imgur,0.7575,12,0,2695,1
1019,proGuest_0,0.7575,12,0,1174,887
1020,relangi_mavayya_bot,0.7575,12,0,1213,1
1021,ackchyually_bot,0.7574,340,86,49692,1
1022,happy-cake-day-bot-,0.7574,194,45,18760,1
1023,BotThatSaysBro,0.757,283,70,0,0
1024,fatFingersbot,0.7562,64,11,0,0
1025,NoHornyBot,0.7552,38,5,2388,15
1026,Numberbot123,0.7552,38,5,986,4
1027,cheer_up_bot,0.7552,38,5,65088,9
1028,RepostPolice__,0.7546,51,8,3556,1
1029,slow_down_bot,0.7541,205,49,0,0
1030,Creepy689,0.7536,18,1,9215,15317
1031,Guardian_of_Bookworm,0.7536,18,1,5255,46
1032,HFYsubs,0.7536,18,1,4499,17
1033,MemeAdviser,0.7536,18,1,8021,6734
1034,iotaTipBot,0.7536,18,1,1664,3
1035,poopellar,0.7536,18,1,8551045,21220
1036,scp1500,0.7536,18,1,2113,1
1037,AreYouDeaf,0.753,864,246,0,0
1038,unyoda-bot,0.7524,164,38,10175,8
1039,hahaboomfah_bot,0.751,28,3,1752,3
1040,4x_jpeg,0.7503,54,9,0,0
1041,BadApe-Bot,0.7503,23,2,0,0
1042,flagify,0.7503,23,2,6152,3
1043,irrelevant_post_bot,0.7503,23,2,0,0
1044,rr-bot,0.7503,23,2,3400,1
1045,spider-corrector,0.7501,66,12,4656,1
1046,SandMouseBot,0.75,58,10,3048,5
1047,fatalgift,0.75,37,5,97769,214
1048,the_timezone_bot,0.7495,1926,587,65198,1
1049,_youtubot_,0.7487,607,172,24460,1
1050,Should_have_listened,0.7484,1135,338,61901,1
1051,SeentItBot,0.7483,41,6,0,0
1052,eazeaze,0.7482,2220,686,105567,4
1053,alphabotical,0.7473,45,7,22293,1
1054,Noob-Noob-Bot,0.7468,61,11,0,0
1055,remembertosmilebot,0.7459,91,19,1278,2
1056,AdviceFlairBot,0.7457,76,15,38958,1
1057,thor-odinson-bot,0.7457,134,31,103082,1
1058,nicebot2,0.7456,683,199,25177,131
1059,thebenshapirobot,0.7451,4966,1606,512873,6
1060,rimworld-modlinker,0.7446,185,46,20014,1
1061,comfort_bot_1962,0.7439,3308,1063,372118,77
1062,moloe0,0.7435,60,11,26542,88186
1063,Wash_your_hands_bot,0.7428,44,7,18257,1
1064,BOT_Skryba,0.7424,17,1,1832,1
1065,GPDBot,0.7424,17,1,5120,1
1066,HeadPatBot,0.7424,17,1,0,0
1067,TheOldeAccounte,0.7424,17,1,0,0
1068,hasfodel,0.7424,17,1,18796,40887
1069,mnemosyne-0001,0.7424,17,1,20860,1108
1070,somekindofbot0000,0.7424,17,1,2744,1
1071,JerkOffToPorn,0.7415,22,2,198,179
1072,Tyrion-Bot,0.7415,22,2,42017,1
1073,jjonahjameson-bot,0.7415,22,2,140058,163
1074,khuxRedditBot,0.7415,22,2,0,0
1075,landwhalebot,0.7415,22,2,56852,27
1076,vandjac,0.7415,22,2,11258,50320
1077,-FL4K-,0.7412,11,0,14601,8754
1078,According_Parfait_97,0.7412,11,0,0,0
1079,CJPsalm139,0.7412,11,0,0,0
1080,CounterfeitCohibaBot,0.7412,11,0,135,1
1081,Have_A_Nice_Day_Not,0.7412,11,0,1321,32
1082,KimmieBotGPT,0.7412,11,0,66,6
1083,Lance032,0.7412,11,0,6643,1796
1084,MemoryOfAgesBot,0.7412,11,0,1128,1
1085,TableLivesMatter,0.7412,11,0,3461,1
1086,TheHBot,0.7412,11,0,1214,6
1087,TwoInchBrushBot,0.7412,11,0,350,1
1088,UnwholesomeBot,0.7412,11,0,23,1
1089,Youtube_mirr0r_b0t,0.7412,11,0,5372,2
1090,_xXx_FaZe_xXx_,0.7412,11,0,18057,2411
1091,antisocialbro,0.7412,11,0,9033,7820
1092,athousandwordsworth,0.7412,11,0,50853,134
1093,boromir-bot,0.7412,11,0,29721,1
1094,feheroes-bot,0.7412,11,0,796,227
1095,fellongreydaze,0.7412,11,0,708944,112111
1096,ghost-of-gib-upvote,0.7412,11,0,42458,6933
1097,grlctipsbot,0.7412,11,0,1085,1
1098,imsimplynobody,0.7412,11,0,6623,2666
1099,kbad01,0.7412,11,0,5238,2203
1100,legolas_bot,0.7412,11,0,24554,1
1101,peregrin-took-bot,0.7412,11,0,44238,1
1102,sirbeetusbot,0.7412,11,0,1856,1
1103,stoic_bot,0.7412,11,0,1390,1
1104,thom-yorke-bot,0.7412,11,0,35463,1
1105,totallynotrobotsGPT2,0.7412,11,0,0,0
1106,transcriber_mu,0.7412,11,0,12177,1001
1107,TheResigner,0.7394,55,10,0,0
1108,bot_popularity_bot,0.7392,667,201,9310,8
1109,bawkbawkbot,0.7389,35,5,1757,79
1110,AmazonPriceBot,0.7384,47,8,7790,1
1111,timezone_bot,0.7383,2632,864,86538,2
1112,PicDescriptionBot,0.7375,658,200,57496,37
1113,JeannieBot,0.7369,87,19,6082,1
1114,BeatmapLinker,0.7361,26,3,8341,68
1115,MMBbot,0.7361,26,3,10030,10
1116,Nightmarley-Bot,0.7361,26,3,3911,19
1117,RogueOneBot,0.7361,26,3,2421,939
1118,OwOfier,0.735,127,31,9557,2
1119,R0-GR-bot,0.7348,50,9,41160,1
1120,FanfictionBot,0.7346,110,26,86066,300
1121,Not_Just_You,0.7342,2092,695,0,0
1122,Carefree_bot,0.734,320,92,10477,1
1123,HandcuffsOfGold,0.7338,30,4,210791,11780
1124,Primary_Register_802,0.7338,30,4,3498,226
1125,bot-of-grond,0.733,99,23,483858,1207
1126,korubeni,0.733,99,23,1901,18
1127,BapcsBot,0.7329,34,5,15945,43
1128,SnafuBot,0.7329,34,5,18720,868
1129,YogBot2,0.7329,34,5,2515,3
1130,central-do-apito-bot,0.7329,34,5,5568,1
1131,dicschneeary,0.7329,34,5,10604,1
1132,ExistentialRickBot,0.7324,145,37,16436,1
1133,Pak_Info_Bot,0.732,21,2,32643,23121
1134,indirbunu,0.732,21,2,2373,18
1135,ElliePlays1,0.7302,16,1,33901,445
1136,NewsOutlineBot,0.7302,16,1,1414,1
1137,PiracyBot,0.7302,16,1,704,889
1138,Youtube_Mirror_Bot,0.7302,16,1,0,0
1139,ZoobBot,0.7302,16,1,0,12968
1140,evilbot88,0.7302,16,1,1105,913
1141,nba_gdt_bot,0.7302,16,1,1347,56064
1142,equivalent_units,0.7282,503,157,56778,19
1143,RapistBrockTurnerBot,0.728,25,3,1159,1
1144,emmademontford,0.728,25,3,70904,99683
1145,mouldbot,0.728,25,3,608,1
1146,snoosagainstsuicide,0.728,25,3,3709,42
1147,wholesomeBot_,0.728,25,3,888,1
1148,BadEgg1951,0.7267,33,5,125834,105
1149,FortniteStatusBot,0.7267,29,4,22,376232
1150,Qui-Gon_Jinn_Bot,0.7267,29,4,45362,1
1151,TheSunflowerSeeds,0.7267,2374,825,268293,1
1152,subredditsummarybot,0.7267,29,4,4772,20751
1153,ImmaSoldierBot,0.7262,239,69,19104,28
1154,Confucius-Bot,0.7261,99,24,0,0
1155,based_or_cringe_bot,0.724,98,24,0,0
1156,FuckThisShitBot41,0.7235,227,66,0,0
1157,StudabakerHoch,0.7231,40,7,32666,231
1158,YourVeganFallacyBot,0.7231,40,7,6012,142
1159,Airsoft_Bot,0.7225,10,0,2192,7
1160,AmmonomiconBot,0.7225,10,0,527,1
1161,AnAdvancedBot,0.7225,10,0,122482,1830
1162,AnOtterWithFood,0.7225,10,0,8814,389
1163,ApprehensiveExit2421,0.7225,10,0,504,1
1164,Asim-Abi,0.7225,10,0,20252,1362
1165,Astroneer-FAQ,0.7225,10,0,229,1
1166,CationBot,0.7225,10,0,849673,42164
1167,Chariotwheel,0.7225,10,0,1220074,194147
1168,DeutschZuOgerBot,0.7225,10,0,0,0
1169,Dr_Bunsen_Burns,0.7225,10,0,81277,17907
1170,GeneParmesan_Bot,0.7225,10,0,3048,1
1171,GodelsVortex,0.7225,10,0,14524,21
1172,GoodBotGoodHuman,0.7225,10,0,686,1
1173,Hananelroe,0.7225,10,0,16223,10662
1174,Ledalus_the_69th,0.7225,10,0,13766,13123
1175,MouthPipetting,0.7225,10,0,99354,5276
1176,PhillyDotComArchiver,0.7225,10,0,6314,1
1177,Random_Space_Facts,0.7225,10,0,7905,8
1178,Reddit-Bach-Bot,0.7225,10,0,414,49
1179,ShittyTBMResponsebot,0.7225,10,0,34382,106
1180,Someoneman,0.7225,10,0,158884,233257
1181,ThisIsntCursedBOT,0.7225,10,0,1275,1
1182,ThogDontCaareNotCare,0.7225,10,0,1517,28
1183,UROS__98,0.7225,10,0,36415,538066
1184,WoB_Bot,0.7225,10,0,4397,1
1185,_good_human_bot,0.7225,10,0,965,12
1186,anonymous-bot,0.7225,10,0,68798,7145
1187,bilbo-baggins-bot,0.7225,10,0,15542,1
1188,blackjack_bot,0.7225,10,0,5367,30
1189,btchrdfckmnstr,0.7225,10,0,779,1
1190,curseforgebot,0.7225,10,0,1849,96
1191,juli__69,0.7225,10,0,16448,146392
1192,ledootgeneration_GPT,0.7225,10,0,0,0
1193,mbmbamboto,0.7225,10,0,428,1
1194,r2tg_bot,0.7225,10,0,0,0
1195,telltalebot,0.7225,10,0,2894,25
1196,transes,0.7225,10,0,351,41
1197,vitatipbot,0.7225,10,0,61,1
1198,xI_Fabi_Ix,0.7225,10,0,15522,119
1199,zjz,0.7225,10,0,223811,66435
1200,maybemaybemaybe_bot,0.7223,61,13,12389,3840257
1201,Analog-Moderator,0.7218,20,2,266076,15167
1202,nflGPT2Bot,0.7218,20,2,10258,1319
1203,std_bot,0.7218,20,2,164,1
1204,nwordcop,0.7216,36,6,21661,2
1205,smile-bot-2019,0.7208,420,134,72548,1
1206,RespondsWithFBot,0.7207,137,37,71728,84
1207,InstantKarmaBot,0.7196,80,19,5058,1
1208,alexisbot,0.7194,24,3,0,0
1209,YoMommaJokeBot,0.719,5650,2100,0,0
1210,tupac_cares_bot,0.7184,404,130,0,0
1211,DuplicatesBot,0.717,404,131,17615,32
1212,AchaBios,0.7167,15,1,3205,2856
1213,Doug-mastriano-bot,0.7167,15,1,2057,1
1214,MSWKN,0.7167,15,1,10000,1
1215,RequestNetworkTipBot,0.7167,15,1,2954,557
1216,SAG_Bot,0.7167,15,1,4269,1
1217,Shrntate,0.7167,15,1,19411,24601
1218,UpvoteMemePoliceBot,0.7167,15,1,2356,1
1219,_SwiftWind_,0.7167,15,1,11338,661
1220,ce-walalang,0.7167,15,1,12140,564
1221,cringobot,0.7167,15,1,75080,44848
1222,reddit_happy_bot,0.7156,35,6,456,1
1223,RepostSleuthBot,0.7149,56865,22330,2340712,230
1224,SpellCheck_Privilege,0.7147,294,93,59580,3
1225,User_Simulator,0.7146,106,28,333889,34
1226,TLb0t,0.7134,31,5,8289,85
1227,license-bot,0.7134,31,5,6516,1
1228,NSA_Chatbot,0.7122,38,7,1002287,11895
1229,anticensor_bot,0.7118,74,18,0,0
1230,ContextualRobot,0.7115,27,4,3970,6
1231,MetricRecipeBot,0.7115,27,4,1060,1
1232,Yankeebot,0.7115,27,4,19806,156514
1233,cityb0t,0.7115,27,4,71868,10858
1234,JonathanFrakesAsks,0.7109,19,2,5007,56
1235,digested_oddshot,0.7109,19,2,54405,1
1236,DootBootBot,0.7106,92,24,2299,47
1237,RandomAnimalBot,0.7102,23,3,0,0
1238,prequelmemesbot,0.7102,23,3,427,9
1239,GradedCardBot,0.7077,57,13,637,69
1240,of_patrol_bot,0.7076,3286,1273,124600,1
1241,ectbot,0.7067,2834,1097,68120,1
1242,ILoveYouBot_,0.7066,63,15,3932,21
1243,chapodetectorbot,0.7063,37,7,0,0
1244,CommonMissspelingBot,0.7042,40,8,17061,1
1245,moviescommentbot,0.7042,40,8,0,0
1246,ephebobot,0.7041,138,41,7423,1
1247,PublishDateBot,0.7039,56,13,30328,51
1248,uwutranslator,0.7038,223,72,374171,3616
1249,PeriodicDioxide,0.7034,292,98,5149,670
1250,yogobot,0.7033,260,86,43840,1
1251,Mando_Bot,0.7032,26,4,8393,1
1252,LeonnKopyaMakarna,0.7027,33,6,0,0
1253,PadparadschaPredicts,0.7027,43,9,862,2
1254,slashy_potato_mashy,0.7027,33,6,0,0
1255,Birthday-Bot_,0.7018,14,1,777,1
1256,FirstTeamAllBot,0.7018,14,1,659,1213
1257,MiseroMCS,0.7018,14,1,19606,2463
1258,NyelvtanNaciBot,0.7018,14,1,776,1
1259,Pajszerkezu_Joe,0.7018,14,1,74744,7533
1260,SilivriHavaDurumu,0.7018,14,1,502,1
1261,SrirachaAF,0.7018,14,1,676,5481
1262,ThisIsARepostBotBot,0.7018,14,1,1543,427
1263,and-my-axe-bot,0.7018,14,1,970,1
1264,foolishness_bot,0.7018,14,1,4915,1
1265,hls22throwaway,0.7018,14,1,2039,1
1266,ily-bot,0.7018,14,1,683,3
1267,musiclink-bot,0.7018,14,1,308,1
1268,r-2-eth-2,0.7018,14,1,1052,1
1269,rickroll-alert-bot,0.7018,14,1,583,1
1270,sl-bot,0.7018,14,1,619,1
1271,studoggery,0.7018,14,1,239831,132429
1272,waterguy12_good_bot,0.7018,14,1,1571,1
1273,Good_Good_GB_BB,0.7014,3842,1542,38753,3
1274,ABotToBeSure,0.7008,9,0,1897,7
1275,ASXBot,0.7008,9,0,598,1529
1276,AntiZoophiliaBot,0.7008,9,0,149,2
1277,ApostropheRepo,0.7008,9,0,1760,1
1278,Aqsoy,0.7008,9,0,0,0
1279,AroundMyCity,0.7008,9,0,40759,111609
1280,AsimTahir,0.7008,9,0,0,0
1281,Bilbo_hraaaaah_bot,0.7008,9,0,32799,1
1282,CHOOSE_A_USERNAME984,0.7008,9,0,159154,25033
1283,COYBot,0.7008,9,0,15,89
1284,ChrisBrownBot,0.7008,9,0,1666,1
1285,ContentForager,0.7008,9,0,0,0
1286,DDLCs_Nickel_Counter,0.7008,9,0,0,0
1287,DRSBOT,0.7008,9,0,763,1
1288,ETS_Awareness_Bot,0.7008,9,0,684,1
1289,FeedbackTrackerBot,0.7008,9,0,427,4
1290,GunnitBot,0.7008,9,0,18933,1
1291,HenryFondleBot,0.7008,9,0,6488,1
1292,ItsYourBirthdayBot,0.7008,9,0,1601,1
1293,Manifest32Sky,0.7008,9,0,0,0
1294,MeetFried,0.7008,9,0,4540,130737
1295,MoneroNotificatio,0.7008,9,0,2637,26
1296,OrangersBot,0.7008,9,0,206,71
1297,PaulHenrik,0.7008,9,0,23906,8235
1298,PropagandaBots,0.7008,9,0,44462,9885
1299,RAdviceBot,0.7008,9,0,1118,1
1300,Ravens_Quote,0.7008,9,0,87295,23284
1301,SCResponseBot,0.7008,9,0,23,1
1302,SammyzABanana,0.7008,9,0,14818,206
1303,ShareBluePaybot,0.7008,9,0,3740,1
1304,Stormtide_Leviathan,0.7008,9,0,586428,218121
1305,Strazdiscordia,0.7008,9,0,45407,686
1306,TextTranscriberBot,0.7008,9,0,2009,88
1307,TheWorldWrecker,0.7008,9,0,7963,42181
1308,Thrawn-Bot,0.7008,9,0,14505,1
1309,ToeTopBot,0.7008,9,0,234,982
1310,TsubakiBot,0.7008,9,0,293,1203
1311,TwosetRepostBot,0.7008,9,0,1021,68
1312,Tyler_462,0.7008,9,0,378368,2018032
1313,Wildbeary,0.7008,9,0,1866,186
1314,YES_ROBOT,0.7008,9,0,3734,1
1315,__WonderBot__,0.7008,9,0,7466,1
1316,art_GPT2_bot,0.7008,9,0,0,0
1317,askreddit_policebot,0.7008,9,0,42,1
1318,bob_the_impala,0.7008,9,0,48374,32666
1319,bot_canillita,0.7008,9,0,4616,5
1320,cheers_im_drunk_bot,0.7008,9,0,1148,1
1321,chessGPT2Bot,0.7008,9,0,11129,5094
1322,circa10a,0.7008,9,0,2794,17517
1323,conspiracyGPT2Bot,0.7008,9,0,27974,14655
1324,coolaja,0.7008,9,0,45072,91527
1325,coolshoeshine,0.7008,9,0,5577,2232
1326,dolar-bot,0.7008,9,0,3138,542
1327,flagwaverbotbackup,0.7008,9,0,994,1
1328,floodator,0.7008,9,0,202,3
1329,freeEBOOKS-Batman,0.7008,9,0,2058,1
1330,hlsvhlb,0.7008,9,0,48,1
1331,kraigslist-bot,0.7008,9,0,0,0
1332,lorhof1,0.7008,9,0,38320,16320
1333,makarnafun_bot,0.7008,9,0,903,87
1334,okbuddyretardGPT,0.7008,9,0,0,0
1335,realDonaldBot,0.7008,9,0,1191,116462
1336,realmadridbot,0.7008,9,0,1043,2467
1337,skyerzz,0.7008,9,0,1796,394
1338,thegentlemetre,0.7008,9,0,1696,519
1339,wikitime-bot,0.7008,9,0,517,1
1340,wordavalanchesGPT2,0.7008,9,0,0,0
1341,FederalReserveDank,0.7004,22,3,16518,14
1342,Tkb3651,0.7004,22,3,20800,1
1343,ilybot,0.7004,22,3,4237,1
1344,Braid_tugger-bot,0.7003,36,7,54122,4
1345,IndiaSocial,0.7003,36,7,13382,19190
1346,PlaystationBot,0.7,277,94,25210,1
1347,ocr_bot,0.7,76,20,5470,20
1348,Clippy_Office_Asst,0.699,18,2,17783,134
1349,CrossXParallelBot,0.699,18,2,516,44960
1350,FuriousVanezianLad,0.699,18,2,24716,1
1351,Indian-Teen-BOT,0.699,18,2,999,9
1352,Scrollwheeler,0.699,18,2,0,0
1353,Tim3303,0.699,18,2,23783,726
1354,TweakInfoBot,0.699,18,2,5801,1
1355,waterguy12bot,0.699,18,2,542,3
1356,GoodBot_BadBot,0.6987,10426,4340,3141592,3141592
1357,etherium_bot,0.6987,29,5,3293,7
1358,SauceSharingBOT,0.6986,39,8,9117,1
1359,Poem_for_your_sprog,0.6962,48,11,8436641,1
1360,SprakpolisenBot,0.6959,51,12,13015,80
1361,SupremeRedditBot,0.6959,51,12,5827,14
1362,TerribleJokeBot,0.6959,60,15,29099,55
1363,LinkFixBot,0.6958,32,6,154,45
1364,mac_line_bot,0.6958,32,6,1953,1
1365,ImageResolutionBot,0.6954,83,23,12234,1
1366,ordinarybots,0.6949,201,67,37506,1
1367,Dennis-Schroder-bot,0.6944,25,4,8140,1
1368,UnexpectedHaikuBot,0.6944,25,4,14530,1
1369,FakespotAnalysisBot,0.6942,1421,568,34749,1
1370,CummyBot2023,0.6937,110,33,9016,49
1371,yankbot,0.6928,38,8,76454,1
1372,RetardBot9000,0.6921,59,15,0,0
1373,christiv7,0.6908,28,5,37126,12807
1374,BotdoCaralho,0.69,21,3,0,0
1375,Mace-Windu-Bot,0.69,21,3,25380,10
1376,RoboSonichu,0.69,21,3,0,0
1377,SunTzu-BOT,0.69,21,3,2596,1
1378,VeryImmatureBot,0.69,21,3,971,1
1379,despacibot,0.69,21,3,3706,36
1380,pretty_good_meme_bot,0.69,21,3,262,8
1381,Boba_Fett_Bot,0.6893,78,22,69281,6
1382,ITS_SCOT_FREE,0.6886,31,6,6884,1
1383,BotsLord,0.6883,58,15,890,1
1384,Anti-The-Worst-Bot,0.6879,83,24,57298,7
1385,watguy12_bot,0.6875,107,33,0,0
1386,UwU_Counter_Bot,0.6873,52,13,17025,1
1387,ocd_bot_,0.6869,49,12,932,82
1388,bot_goodbot_bot,0.6865,285,104,13318,1
1389,TNMentionBot,0.6864,40,9,9507,19
1390,AnothrPrickInTheWall,0.6861,17,2,42103,205
1391,Paul_UliBOTi,0.6861,17,2,1419,1
1392,TheLoneVowel,0.6861,17,2,1154,1
1393,tftrav,0.6861,17,2,3830,54762
1394,LearnDifferenceBot,0.6855,3206,1381,139640,2615
1395,BotRickAstley,0.6853,13,1,100,1
1396,BrokenChainBot,0.6853,13,1,183,1
1397,CrazyGiaky,0.6853,13,1,246254,188378
1398,ErisChurchBot,0.6853,13,1,1283,1
1399,GentleMood,0.6853,13,1,0,0
1400,Mashu_Kyrielite,0.6853,13,1,18241,1
1401,OPINION_IS_UNPOPULAR,0.6853,13,1,228325,918252
1402,SimilarPostsB0t,0.6853,13,1,1420,15
1403,SteamGameInfo,0.6853,13,1,897,1
1404,TSATPWTCOTTTADC,0.6853,13,1,0,0
1405,TSLA_Bot,0.6853,13,1,10952,1
1406,TipOfMyCircuitBoard,0.6853,13,1,38803,1
1407,holy_hell_bot,0.6853,13,1,1276,333
1408,nerf_seer,0.6853,13,1,847,1
1409,six_digit_bot,0.6853,13,1,751,843
1410,tesl-bot-9000,0.6853,13,1,2012,324
1411,timerguy12,0.6853,13,1,2147,113
1412,yth_bot,0.6853,13,1,2030,2
1413,FacebookRehostBot,0.6851,24,4,9511,1
1414,Have_a_coke_bot,0.6851,24,4,3243,2
1415,Padme-Bot,0.6851,24,4,79707,1
1416,PoEWikiBot,0.6851,24,4,7814,1
1417,aRecycleAwayAccount,0.6851,24,4,1688,5
1418,downloadvideo,0.6847,162,55,-100,1
1419,addedcolor,0.6825,27,5,1630,6
1420,Grammar_Nazi-Bot,0.6816,45,11,5734,1
1421,Healer_of_arms,0.6814,78,23,0,0
1422,PORTMANTEAU-BOT,0.6813,5021,2235,0,0
1423,petra303,0.6811,30,6,102264,807
1424,Reddit-Book-Bot,0.6781,19219,8895,0,0
1425,HappyCakeBot,0.6779,100,32,38601,45
1426,MobileUserBot,0.6773,47,12,6551,1
1427,Amindoa,0.6756,8,0,9258,5410
1428,AnarchyFish-Bot,0.6756,8,0,7900,182
1429,Ate_Goddess-,0.6756,8,0,162,1
1430,Chess-vission-ai-bot,0.6756,8,0,2331,1
1431,Chessblindness-bot,0.6756,8,0,3411,6
1432,CorruptorBot,0.6756,8,0,0,0
1433,Creed_Bratton_Bot,0.6756,8,0,9007,164
1434,Duck-care156,0.6756,8,0,0,0
1435,EU4IdeaBot,0.6756,8,0,1233,1
1436,EliminatorBot,0.6756,8,0,3521,196096
1437,Fortinbraz,0.6756,8,0,40310,5047
1438,Fuck_GRB,0.6756,8,0,1993,3
1439,FunnyDetectionBot,0.6756,8,0,0,0
1440,GaySwansMakeMeCry,0.6756,8,0,0,0
1441,Gilbert_GPT2Bot,0.6756,8,0,3157,268
1442,GoodBotTechnoDad,0.6756,8,0,590,1
1443,Helmite,0.6756,8,0,273176,148742
1444,Hot_Engine_7272,0.6756,8,0,5525,2200
1445,HumanGoodBotBot,0.6756,8,0,138,2
1446,IQ_Percentile,0.6756,8,0,552,1
1447,InspectorBonk,0.6756,8,0,3617,305
1448,JoeCumiaSpitBot,0.6756,8,0,0,0
1449,Kamirose,0.6756,8,0,31345,6610
1450,KingYoloHD090504,0.6756,8,0,215447,31574
1451,LucyLoveBot-GPT2,0.6756,8,0,0,0
1452,MaxGoldtBot,0.6756,8,0,0,0
1453,Miiohau,0.6756,8,0,5911,4413
1454,MlST95,0.6756,8,0,6591,1312
1455,OmniaII,0.6756,8,0,98066,774
1456,PSGAcademy,0.6756,8,0,78981,4457688
1457,Sensiburner,0.6756,8,0,171293,199820
1458,Sopranos-Bot,0.6756,8,0,17879,104
1459,TwitchClipsMirrorBot,0.6756,8,0,1258,1
1460,UpvotedBecause-GPT2,0.6756,8,0,0,0
1461,VDownloader,0.6756,8,0,0,0
1462,Vetiversailles,0.6756,8,0,76485,14519
1463,Visible-Dark383,0.6756,8,0,29077,1220
1464,Von_Claussen,0.6756,8,0,398807,9776
1465,Western_Potato_Ad,0.6756,8,0,1808,2036
1466,WizziBot,0.6756,8,0,50080,3666
1467,asianlady_,0.6756,8,0,21583,9671
1468,chronicleBot,0.6756,8,0,1493,2
1469,crowmaster-bot,0.6756,8,0,875,18
1470,deepx32,0.6756,8,0,19965,3329
1471,denethor-bot,0.6756,8,0,36798,1
1472,eXMirrorBot,0.6756,8,0,5295,38
1473,imvegancountbot,0.6756,8,0,2005,14
1474,kenziefc,0.6756,8,0,0,0
1475,kirb-the-birb,0.6756,8,0,0,0
1476,manavhs,0.6756,8,0,93912,65828
1477,moons-price-bot,0.6756,8,0,-6,1
1478,nightmemesbot,0.6756,8,0,0,1018
1479,quotesGPT2Bot,0.6756,8,0,36181,19572
1480,rHentai_Bot,0.6756,8,0,0,0
1481,recipesGPT2Bot,0.6756,8,0,12426,2988
1482,rib-gg-bot,0.6756,8,0,324,84106
1483,shirleyxx,0.6756,8,0,52220,14772
1484,sort_by_new_bot,0.6756,8,0,0,0
1485,styannouncementsbot,0.6756,8,0,-11,1
1486,trisonreddit,0.6756,8,0,0,0
1487,turtle_mekb,0.6756,8,0,60366,17338
1488,uynewsbot,0.6756,8,0,0,0
1489,random-cat-bot,0.6752,23,4,327,2
1490,elon-bot,0.6741,157,56,136414,1
1491,MultiMachine,0.674,503,207,0,0
1492,WritingPromptsRobot,0.6737,26,5,2417,255
1493,assume-gender-bot,0.6733,32,7,10821,1
1494,archy_bot,0.6732,29,6,1402,1
1495,unexpfactorialbot,0.6732,29,6,2815,1
1496,Bot-Focker-Prime,0.672,16,2,8372,92
1497,herschel-walker-bot,0.672,16,2,3477,1
1498,larys-strong-bot,0.672,16,2,14434,1
1499,tractorshowingbot,0.672,16,2,435,1
1500,WholesomeBot,0.671,102,34,2533,1
1501,thank_mr_skeltal_bot,0.6697,372,152,0,0
1502,InactiveUserDetector,0.6696,168,62,12979,2
1503,OwwOofMyBonesBot,0.6693,74,23,5241,1
1504,sussy-bot-2,0.6693,273,108,26325,48
1505,ginger2020,0.6674,53,15,201884,86166
1506,ACCIDENTAL_HAIKU_BOT,0.6669,12,1,70,3610
1507,ASFinfo,0.6669,12,1,4991,5
1508,Battle-Droid-Bot,0.6669,12,1,12756,1
1509,BirthdayWishingBot,0.6669,12,1,1175,1
1510,BlackMediaPresents,0.6669,12,1,4548,374838
1511,DiarioOpositorBot,0.6669,12,1,587,21
1512,F1N1ZH_EM_ZEL,0.6669,12,1,49022,6511
1513,Far-Classic-4637,0.6669,12,1,20354,9444
1514,Guitarwire,0.6669,12,1,1322,128816
1515,OddlySpecificBot,0.6669,12,1,144,1
1516,PSGWSPbot,0.6669,12,1,1025,3
1517,STREAMBOT3000,0.6669,12,1,37406,3
1518,SavingsNewspaper2,0.6669,12,1,209354,36008
1519,TheSkullCupMan,0.6669,12,1,18425,150
1520,a_happy_cakeday_bot,0.6669,12,1,538,2
1521,areslashareslash,0.6669,12,1,0,0
1522,capcups,0.6669,12,1,3007,1786
1523,chadbot_2021,0.6669,12,1,10825,8
1524,language_exchangeBOT,0.6669,12,1,1411,25
1525,lolapoppy5,0.6669,12,1,4017,32649
1526,singularityGPT2Bot,0.6669,12,1,11529,6391
1527,transcribersofreddit,0.6669,12,1,8149,49554
1528,DasherPack,0.6666,19,3,26713,29153
1529,InspirobotBot,0.6658,31,7,119,41087
1530,IamShubot,0.6657,50,14,810,3
1531,livestreamfailsbot,0.6649,28,6,9599,5950
1532,m32th4nks,0.6648,194,75,19357,7
1533,shayarsenaultbot,0.6647,22,4,0,0
1534,buttsbot,0.6644,25,5,8035,103
1535,flair-checking-bot-2,0.6644,25,5,1434,1
1536,nazigramatical,0.6644,25,5,0,0
1537,AntiGNB_Bot,0.6638,47,13,6576,1
1538,xkcd-Hyphen-bot,0.6634,3917,1881,122752,2
1539,BonkDestroyerBot,0.6628,72,23,5489,10
1540,GoodBotBadAdmins,0.6608,445,193,0,0
1541,Westcore,0.6599,33,8,2179,7318
1542,satanEXP,0.659,66,21,4483,1
1543,AmongUsDongBot,0.6583,51,15,51238,58271
1544,Teddy-Roosevelt-Bot,0.6574,38,10,9169,152
1545,SavageAxeBot,0.6568,299,127,61076,9082
1546,Bucellonator,0.6566,15,2,938,3612
1547,MotherTurf,0.6566,15,2,8592,390399
1548,TwitterToImgurBot,0.6566,15,2,1839,1
1549,madisondotcombot,0.6566,15,2,11752,1
1550,JulieAndrewsBot,0.6564,58,18,8676,1
1551,LourencoGoncalves-LG,0.6561,27,6,17707,1
1552,DeltaBot,0.655,35,9,32203,4647
1553,have_a_great_day_bot,0.6545,24,5,3021,15
1554,banana_converter_bot,0.6543,740,344,19680,1
1555,koyunkirpan,0.654,228,95,0,0
1556,EXRETEDUBOT,0.6536,18,3,0,0
1557,hidden_pokemon_bot,0.6536,18,3,2085,1
1558,nfl_gdt_bot,0.6536,18,3,1258,176231
1559,jimmy-b-bot,0.6534,45,13,14648,151
1560,GeneralBot,0.6529,83,29,2703,1
1561,hug-bot,0.6503,264,114,49587,7
1562,revddit,0.6476,39,11,6354,3
1563,AntiAntiLowEffortBot,0.6472,101,38,8818,390
1564,Bruh_Bot_,0.6461,11,1,12895,11
1565,ElsieSnuffin,0.6461,11,1,43960,6335
1566,Foro38,0.6461,11,1,8903,8247
1567,PakFazaia,0.6461,11,1,1898,15
1568,RedditGreetingBot,0.6461,11,1,0,0
1569,VerseBot,0.6461,11,1,24906,1
1570,YTARbot,0.6461,11,1,2428,127
1571,autobarcode,0.6461,11,1,1953,1
1572,bot4bot,0.6461,11,1,1325,4
1573,elsbot,0.6461,11,1,47197,1
1574,iloveyouverymuch-bot,0.6461,11,1,127,1
1575,juicedb_bot,0.6461,11,1,2264,1
1576,nice_to_meet_you_bot,0.6461,11,1,661,1
1577,oldventura,0.6461,11,1,0,0
1578,wise-old-man-bot,0.6461,11,1,2385,1
1579,2B2TFinland,0.6457,7,0,65759,293
1580,AttorneyTomBot,0.6457,7,0,1336,30
1581,BIG_DICK_RICK_BOT,0.6457,7,0,15969,1
1582,BOT_KrzysztofBosak,0.6457,7,0,672,1
1583,BadThingsAreBad3,0.6457,7,0,0,0
1584,Batman_ShitComments,0.6457,7,0,0,0
1585,Ben_Bot_,0.6457,7,0,226,1
1586,CCGPriceBot,0.6457,7,0,391,21
1587,Captain_KapiK,0.6457,7,0,9977,1
1588,ClimbingRouteBot,0.6457,7,0,858,2
1589,DeFreeKarma,0.6457,7,0,24986,55
1590,DogecoinBot2,0.6457,7,0,229,1
1591,DurchgepeitschterBot,0.6457,7,0,1223,75
1592,EvilDanBot,0.6457,7,0,2326,11
1593,FlairByteBot,0.6457,7,0,838,4434
1594,GenGrievBot,0.6457,7,0,945,1
1595,Great-Art-Bot,0.6457,7,0,394,1
1596,Hanneman_213,0.6457,7,0,24215,279
1597,Heather_Currie,0.6457,7,0,2460,1
1598,HiCarumba,0.6457,7,0,53123,7746
1599,Housewives-Gif-Bot,0.6457,7,0,6543,6
1600,Iwillbringcoconuts,0.6457,7,0,6763,4109
1601,Jagr,0.6457,7,0,33566,3252
1602,Kuack89,0.6457,7,0,0,0
1603,LFG_Notify_Bot,0.6457,7,0,10,3
1604,Marioguy52,0.6457,7,0,10359,67856
1605,MegaThiccc,0.6457,7,0,0,0
1606,MildModBot,0.6457,7,0,33,1
1607,Mjjjokes,0.6457,7,0,0,0
1608,MrsBoopTheSnoot,0.6457,7,0,3551,49225
1609,NaM_bot,0.6457,7,0,36881,1
1610,NoTill3742,0.6457,7,0,81756,3132
1611,PeterExplainsTheJoke,0.6457,7,0,327213,134749
1612,PraiseJesusBot,0.6457,7,0,0,0
1613,R3dshift7,0.6457,7,0,1139,25208
1614,RealWilMyersFacts,0.6457,7,0,11916,1358
1615,SamGamgee-bot,0.6457,7,0,21445,1
1616,Saracstic_ting7,0.6457,7,0,23507,9975
1617,ScarySteveBot-GPT2,0.6457,7,0,0,0
1618,SemperScrotus,0.6457,7,0,110542,29126
1619,Shinobu_on_bush,0.6457,7,0,1820,50
1620,ShortDeal1763,0.6457,7,0,754,1
1621,SmellyBardBot,0.6457,7,0,54,1
1622,Sophia_SubIndexer,0.6457,7,0,3135,1012
1623,SpecterBot,0.6457,7,0,1234,6
1624,SteamKiwi,0.6457,7,0,988,8940
1625,ThatTypicalLonerGal,0.6457,7,0,21998,31404
1626,TheStormApproaches,0.6457,7,0,9616,140
1627,ThodinAustralB,0.6457,7,0,340,122
1628,TotalyNotABot1,0.6457,7,0,36746,285666
1629,Tranquildo,0.6457,7,0,0,0
1630,Tubal_Facts_Team,0.6457,7,0,1967,382
1631,VideoTrim,0.6457,7,0,1158,91
1632,YunusEmre64,0.6457,7,0,0,0
1633,_sed_,0.6457,7,0,1614,5
1634,_xndo,0.6457,7,0,3166,1183
1635,anrbot,0.6457,7,0,1634,51
1636,autowikibot,0.6457,7,0,519941,16
1637,blackfellasbot,0.6457,7,0,0,0
1638,botsgay,0.6457,7,0,0,0
1639,chess_vision_human,0.6457,7,0,154,1
1640,colmk,0.6457,7,0,22553,3879
1641,communistcrusaders,0.6457,7,0,81414,53619
1642,crazyideasGPT2Bot,0.6457,7,0,88718,41748
1643,cuckfromJTown,0.6457,7,0,14658,6229
1644,darkrepostbot,0.6457,7,0,0,0
1645,denver-disc-bot,0.6457,7,0,184,54
1646,eleleth-bot,0.6457,7,0,257,3
1647,eomer-bot,0.6457,7,0,17900,1
1648,farrag0,0.6457,7,0,29514,5411
1649,gabenizer-bot,0.6457,7,0,2478,88145
1650,gdtpost,0.6457,7,0,2379,1
1651,gobargiverbot,0.6457,7,0,1050,1
1652,hwhouston517,0.6457,7,0,0,0
1653,internet_surfer123,0.6457,7,0,13681,14500
1654,jim_prank_bot,0.6457,7,0,1186,58
1655,kcbarexam,0.6457,7,0,91497,6232
1656,mclabsbot1,0.6457,7,0,63420,515843
1657,mnemosyne-0002,0.6457,7,0,9369,3
1658,moons_bot,0.6457,7,0,186,66
1659,muricaGPT2Bot,0.6457,7,0,31313,21468
1660,neoliberalGPT2Bot,0.6457,7,0,17570,7623
1661,nohpex,0.6457,7,0,267969,5187
1662,nooneescapesthelaw,0.6457,7,0,10007,7344
1663,onichama,0.6457,7,0,34583,65109
1664,osu_replays_CPOL,0.6457,7,0,39773,36009
1665,pil0tflame,0.6457,7,0,22799,9979
1666,pornpanther,0.6457,7,0,15931,45690
1667,random_reddit_bot-,0.6457,7,0,26181,567
1668,re_flex,0.6457,7,0,944531,12071
1669,shittyfoodpornGPT2,0.6457,7,0,0,0
1670,subredd_dramaGPT2Bot,0.6457,7,0,5031,3624
1671,subredditdramaGPT2,0.6457,7,0,0,0
1672,thats_a_repost_bot,0.6457,7,0,569,1
1673,vxjunkiesGPT2Bot,0.6457,7,0,12296,6756
1674,wearedefined,0.6457,7,0,37980,69168
1675,yes-no_bot,0.6457,7,0,0,0
1676,ytboob,0.6457,7,0,10741,1067
1677,dadjokes_bot,0.6452,240,105,64454,256
1678,AntiGNUandLinuxBot,0.6447,31,8,1344,3
1679,Not_RepostSleuthBot,0.6446,1240,621,59784,1
1680,EmojiBotV2,0.6443,36,10,0,0
1681,SaganSaga,0.6441,23,5,1625,59026
1682,no_ur_great_bot,0.6441,23,5,2670,1
1683,rick_rolled_bot,0.644,253,112,42120,3
1684,clichebot9000,0.6439,408,190,46899,38
1685,Patrick_Bot2,0.6416,77,28,61256,5
1686,BrozzerBilalBot,0.6415,20,4,0,0
1687,chwsbot,0.6415,20,4,583,119
1688,repostssleuthbot,0.6412,38,11,0,0
1689,nice-scores,0.641,521,251,0,0
1690,oofed-bot,0.6406,338,157,70711,13
1691,BigLebowskiBot,0.6404,400,189,213969,1
1692,fp_stat_bot,0.6404,52,17,754,9
1693,dontcarewhatyoufound,0.6398,14,2,607,1
1694,TrumpTrainBot,0.6396,17,3,47892,1
1695,jacksfilmsbot,0.6378,710,355,0,0
1696,by-accident-bot,0.6368,136,57,15838,1
1697,Reddit_Copper_Bot,0.6365,42,13,1449,1
1698,transcribot,0.6365,30,8,1975,1
1699,Shakespeare-Bot,0.6363,26525,14857,0,0
1700,CringeBasedBot,0.6335,55,19,4431,1
1701,Champing_At_The_Bot,0.6329,32,9,3379,1
1702,Jared_Leto_Joker,0.6329,32,9,10367,1
1703,PlayStoreLinks__Bot,0.6305,63,23,27616,101
1704,mortalitybot,0.6305,84,33,8632,1
1705,troll_annoyer,0.6297,52,18,0,0
1706,jeffgerickson,0.6286,19,4,18472,84
1707,TrendingB0T,0.6278,36,11,0,0
1708,no_context_bot,0.6272,115,49,16780,1
1709,GoodBotAutoMod,0.6269,24,6,900,12
1710,related_threads,0.6269,24,6,1742,1
1711,_whatbot_,0.6259,38,12,6076,1
1712,mobileLinkBot,0.6257,49,17,2187,7
1713,ConvertsToMetric,0.6243,16,3,103846,8
1714,GunnitReplacementBot,0.6243,16,3,8460,1
1715,Impressive-Neck2178,0.6243,16,3,16012,1
1716,hellothere-bot,0.6243,16,3,2738,1
1717,im_not_creative123,0.6243,16,3,46785,86907
1718,ghost_of_dongerbot,0.6232,394,201,68309,77
1719,Ukraine_News_Bot,0.623,176,82,11446,1
1720,BadQuotesBot,0.6226,10,1,0,0
1721,Blooper_Bot,0.6226,10,1,6273,43219
1722,FilmPlot_Bot,0.6226,10,1,2429,5
1723,GrandPa_GPT2,0.6226,10,1,64232,6055
1724,HondoOhnakaBot,0.6226,10,1,15762,1
1725,KekGunuKutlayanAdam,0.6226,10,1,1024,461
1726,Mean-Macaroon-3057,0.6226,10,1,830,13735
1727,MyNameIsUrMom,0.6226,10,1,0,0
1728,StreamableReddit,0.6226,10,1,9459,1
1729,Tecnocazuela,0.6226,10,1,9627,8513
1730,TerribleBodybuilder4,0.6226,10,1,0,0
1731,WouldBernieHaveWon,0.6226,10,1,5392,1
1732,anit-quote-bot,0.6226,10,1,113,1
1733,anti-SJW-bot,0.6226,10,1,1347,4
1734,bot_protiv_clickbait,0.6226,10,1,12168,142
1735,futurologyGPT2Bot,0.6226,10,1,12799,6487
1736,piplinkn,0.6226,10,1,4027,14060
1737,shirt_bot,0.6226,10,1,2876,1
1738,summariser_bot,0.6226,10,1,1553,1
1739,abstract_void_bot,0.6225,26,7,85870,7312
1740,resavr_bot,0.6225,26,7,2994,1
1741,Bubbly-Education-320,0.6212,21,5,100635,2076
1742,HK-47-bot,0.6212,13,2,6843,1
1743,PolCompBot,0.6212,13,2,8094,334
1744,RedditFighterBot,0.6212,13,2,517,8
1745,RickRoll-Doggo,0.6212,156,72,0,0
1746,TheAggressiveBlade,0.6212,13,2,0,0
1747,Uncle-Becky,0.6212,13,2,5947,160953
1748,attrm-bot,0.6212,13,2,3056,1
1749,cersei_bot,0.6212,21,5,65664,9
1750,streamablemirrors,0.6212,13,2,40873,1
1751,suluQ,0.6212,13,2,0,0
1752,Grammar-Bot-Elite,0.6211,5441,3177,97184,54
1753,HentaiSauce_Bot,0.6169,389,204,1728,724
1754,SI_units_bot,0.6166,30,9,0,0
1755,WhoDidThisBot,0.6166,30,9,35245,8
1756,michael-g-scott-bot,0.6166,30,9,65226,1
1757,Cunningham_Bot,0.6161,23,6,1380,1
1758,Encanto_LyricBot,0.6161,23,6,2735,7
1759,FoundYourSauce_Bot,0.6161,23,6,8284,44
1760,PE_Auto_Bot,0.6148,18,4,-100,129
1761,UnsubHero,0.6148,309,160,11240,1
1762,tankman_ugh_bot,0.6148,18,4,0,0
1763,fridaybot,0.6147,32,10,7569,1
1764,fuck_you_op_bot,0.6142,55,21,3938,61
1765,yomomaisnotajokebot,0.6131,86,37,0,0
1766,StarterPacksBot,0.6124,25,7,32,1
1767,Anti-ThisBot-IB,0.6109,4558,2769,350598,10
1768,--Glimmer--,0.6097,6,0,6855,6
1769,142737,0.6097,6,0,55071,3319
1770,5kyLegend,0.6097,6,0,45407,26039
1771,AbbachioBot,0.6097,6,0,8567,1
1772,ActualRealBot,0.6097,6,0,10726,13953
1773,AfiqMustafayev,0.6097,6,0,126908,117941
1774,AintAintAWord,0.6097,6,0,1590189,63741
1775,Alaskapla,0.6097,6,0,857,52
1776,All-of-Dun,0.6097,6,0,25812,81346
1777,AlpY24upsal,0.6097,6,0,1308,4780
1778,AntiRickRollBot-v2,0.6097,6,0,0,0
1779,AsterMaken,0.6097,6,0,18224,6180
1780,Aussieguy727,0.6097,6,0,190401,60911
1781,BeepBeepImAMeme,0.6097,6,0,0,0
1782,Blank_TheLad,0.6097,6,0,8689,8864
1783,Cany0udance,0.6097,6,0,204356,78499
1784,ClappedBot,0.6097,6,0,2931,1
1785,ComfortingBot,0.6097,6,0,197,6
1786,CoordinateBot,0.6097,6,0,280,1
1787,Cute-Cat-Bot,0.6097,6,0,346,3
1788,Dan6erbond,0.6097,6,0,0,0
1789,DestinyLoreBot,0.6097,6,0,38290,16811
1790,DoubleFaulty1,0.6097,6,0,39604,26722
1791,DrHaranBot,0.6097,6,0,206,1
1792,Dry-Fox5359,0.6097,6,0,0,0
1793,EPQ_MTG_BOT,0.6097,6,0,723,517
1794,Edgar_The_Pug_Bot,0.6097,6,0,2518,1031
1795,ElonMuskRealBot,0.6097,6,0,8781,1
1796,Erebos555,0.6097,6,0,18083,2332
1797,Es452002,0.6097,6,0,40448,17625
1798,ExposingBotsWithABot,0.6097,6,0,0,0
1799,FUShoresyBot,0.6097,6,0,0,1
1800,FaceAppReporter,0.6097,6,0,1542,1
1801,FiveYearsAgoOnReddit,0.6097,6,0,69106,162015
1802,FriendlyCatBot,0.6097,6,0,0,0
1803,FunnyGuyGPT,0.6097,6,0,201,1
1804,GGGCommentBot,0.6097,6,0,657,1
1805,GaryBot-GPT2,0.6097,6,0,0,0
1806,GrannysBourbonHabit,0.6097,6,0,6511,1172
1807,HaikuBot9000,0.6097,6,0,12788,227
1808,Haunted_Butt_Bot,0.6097,6,0,1489,31
1809,HereComesthePizzaBot,0.6097,6,0,684,1
1810,HotwheelsSharky_bot,0.6097,6,0,147,1
1811,InnerFate,0.6097,6,0,2394,12046
1812,Jkillers18,0.6097,6,0,0,0
1813,Joey-Botto,0.6097,6,0,13753,131
1814,JuveGoalBot,0.6097,6,0,1104,10
1815,KittyTack,0.6097,6,0,27076,22113
1816,Koniqst1ger,0.6097,6,0,0,0
1817,L-Puff,0.6097,6,0,2185,8068
1818,LSA_Bot,0.6097,6,0,2398,1
1819,LarissaBot-GPT2,0.6097,6,0,0,0
1820,Liberty-Prime_Bot,0.6097,6,0,0,0
1821,MCOfficer,0.6097,6,0,32509,9716
1822,MTGA-Bot,0.6097,6,0,100,1
1823,MrJacobJohnson,0.6097,6,0,120,62
1824,Nelsonthedogg,0.6097,6,0,3443,14632
1825,Nepgyaaaaaaa,0.6097,6,0,749314,92946
1826,Nominativ_pluralu,0.6097,6,0,249,1
1827,ORpanda,0.6097,6,0,2032,31808
1828,ObiWanKenobiBot,0.6097,6,0,0,0
1829,OmgLoudmouthBot,0.6097,6,0,2,1
1830,PCMCheck,0.6097,6,0,0,0
1831,RandomGuyWontSayDATA,0.6097,6,0,644,15858
1832,RecommendationOne976,0.6097,6,0,810,3162
1833,RhymeRaven,0.6097,6,0,222,63
1834,SchmeckleBot,0.6097,6,0,9534,1
1835,ShutUpWesleyBot,0.6097,6,0,4438,2
1836,SirLordSagan,0.6097,6,0,48288,8491
1837,SpermieBot2000,0.6097,6,0,8023,1
1838,Subsim-meta-ssi,0.6097,6,0,15905,4797
1839,TheSentinel_31,0.6097,6,0,265,1
1840,TovarishchMayorBot,0.6097,6,0,212,14
1841,VerticalGifBot,0.6097,6,0,4987,1
1842,WarrenPlanBot,0.6097,6,0,845,137
1843,YeruhamTheGoldfish,0.6097,6,0,62088,51240
1844,ZephyrSonic,0.6097,6,0,120567,378367
1845,_xoviox_,0.6097,6,0,11809,6466
1846,ahmetesedoron,0.6097,6,0,8118,11444
1847,andrewsjakkko02,0.6097,6,0,17568,10886
1848,arXiv_abstract_bot,0.6097,6,0,0,0
1849,assasinspoot,0.6097,6,0,0,0
1850,awliasGPT2Bot,0.6097,6,0,18675,13612
1851,bijanbot,0.6097,6,0,2120,1
1852,bitcoinGPT2Bot,0.6097,6,0,14831,7700
1853,cah_white_bot,0.6097,6,0,3119,1
1854,cisco_bot,0.6097,6,0,2038,1
1855,cybercuzco,0.6097,6,0,970154,74629
1856,dceu_bot,0.6097,6,0,609,1
1857,deGPT2Bot,0.6097,6,0,7096,771
1858,deepmodbot,0.6097,6,0,135,1
1859,derhyperschlaue,0.6097,6,0,39730,60954
1860,dogbot-2,0.6097,6,0,1,1
1861,downloadvideoStinky,0.6097,6,0,862,26
1862,enginargaming,0.6097,6,0,0,0
1863,fdsbeingfds2,0.6097,6,0,1206,18
1864,fuckwrextor,0.6097,6,0,0,0
1865,ghaspberri,0.6097,6,0,1227,69
1866,gormandrums,0.6097,6,0,106,60867
1867,harry4354,0.6097,6,0,42776,45626
1868,headasplodes_bot,0.6097,6,0,3169,1
1869,invented-damage,0.6097,6,0,10178,1383
1870,jeffdb2002,0.6097,6,0,5483,19670
1871,justlookingfordragon,0.6097,6,0,153970,204963
1872,kahootcrashbot,0.6097,6,0,681,198
1873,kalitarios,0.6097,6,0,656938,68237
1874,lawrencestroll,0.6097,6,0,30406,5606
1875,lead-pencil,0.6097,6,0,368357,5886
1876,machinelearningGPT2,0.6097,6,0,0,0
1877,magickismight,0.6097,6,0,0,0
1878,milonuttigrain,0.6097,6,0,105817,37122
1879,mischievous-racoon,0.6097,6,0,22992,86
1880,morklybot,0.6097,6,0,828,72
1881,part-time-ceo,0.6097,6,0,7044,11
1882,psychonautGPT2Bot,0.6097,6,0,14183,5351
1883,recolorbot,0.6097,6,0,412,1
1884,rednil97,0.6097,6,0,38033,9201
1885,remarkablemayonaise,0.6097,6,0,67053,3548
1886,rslovakiagrammarnazi,0.6097,6,0,224,1
1887,s_reed,0.6097,6,0,13524,1822
1888,setify,0.6097,6,0,280,1
1889,shapirofier-bot,0.6097,6,0,1365,1
1890,shinshin51,0.6097,6,0,1,1
1891,shortscarystoriesGPT,0.6097,6,0,0,0
1892,sorceryofthespecGPT2,0.6097,6,0,0,0
1893,taker52,0.6097,6,0,7077,11027
1894,thor-bot,0.6097,6,0,10161,256
1895,transformers1_480p,0.6097,6,0,0,0
1896,unresolvedmysGPT2Bot,0.6097,6,0,936,743
1897,whistleface,0.6097,6,0,8403,226154
1898,yasliyoda,0.6097,6,0,0,0
1899,dadbot_3000,0.6093,4044,2466,0,0
1900,Fuck_Emojify_Creator,0.6087,20,5,2588,1
1901,RepostBot69420,0.6087,20,5,1152,1
1902,UnexpectFactorialBot,0.6087,20,5,1873,52
1903,UselessConversionBot,0.6084,580,326,45951,1
1904,kavanaughbot,0.6079,29,9,3568,2
1905,Concise_Pirate,0.6078,15,3,603119,47055
1906,LatherBot,0.6078,15,3,5604,1793
1907,TedCruzResponderBot,0.6078,15,3,1321,1
1908,sauceNAOcheckbot,0.6077,119,56,5424,3
1909,dance_bot,0.607,67,28,6386,1
1910,save_video,0.6066,31,10,29918,28790
1911,BotGoBonk,0.6051,55,22,3416,51
1912,importantreplies,0.6046,22,6,293,1
1913,exclaim_bot,0.6035,1076,641,55646,1
1914,perrycohen,0.6032,728,425,0,0
1915,TheReposterminator,0.6019,24,7,4142,1
1916,ImagesOfNetwork,0.6008,154,78,0,0
1917,69_Nice_Bot,0.6006,12,2,5246,1
1918,AgainstAHSCensorBot,0.6006,12,2,0,0
1919,AnnoyingRepostBot,0.6006,12,2,3119,1
1920,BotDetective,0.6006,12,2,2916,45
1921,Gaycerine,0.6006,12,2,0,0
1922,PassiveAggroThisBot,0.6006,12,2,2305,1
1923,The-Unknown-sees-you,0.6006,12,2,0,0
1924,Undividedbyzero,0.6006,12,2,556277,132176
1925,VeryWiseBot,0.6006,12,2,21039,288
1926,apieceofcayke,0.6006,12,2,6385,1
1927,post-quote-bot,0.6006,12,2,0,0
1928,share-video,0.6006,12,2,7532,10
1929,ultimatewikibot,0.6006,12,2,0,0
1930,very_nice_meme_bot,0.6006,12,2,0,0
1931,opfeels,0.5997,103,49,0,0
1932,bruh__bot,0.5995,711,421,0,0
1933,botrickbateman,0.5982,816,490,143141,1
1934,__word_clouds__,0.5981,30,10,31477,1
1935,bruhsbot,0.5974,34,12,3516,23
1936,tobey-3000-bot,0.5974,34,12,148310,3776
1937,SeriouslyWhenIsHL3,0.5972,608,360,51407,1
1938,AUTOMATED_FUCK_BOT,0.5958,9,1,0,0
1939,Archive-Bot,0.5958,9,1,1718,1
1940,Dad_B0T,0.5958,9,1,6912,1
1941,EinsTwo,0.5958,9,1,328233,28
1942,EriksenBot,0.5958,9,1,1832,1
1943,Git_Gud_BOT,0.5958,357,204,8573,1
1944,IE_MLB,0.5958,9,1,129350,5718
1945,IsItABedroom,0.5958,9,1,119717,977
1946,LargeImagesBot,0.5958,9,1,2051,29155
1947,LinkScanBot-IB,0.5958,9,1,153,22
1948,LukeAbby,0.5958,9,1,11811,261
1949,MineralsNotRocksBot,0.5958,9,1,7337,1
1950,Profanity_robot,0.5958,9,1,1911,1
1951,Seagull_No1_Fanboy,0.5958,9,1,0,0
1952,TecRobust,0.5958,9,1,-54,6629
1953,WillSC598,0.5958,9,1,0,0
1954,Woofasaurus,0.5958,9,1,6188,18313
1955,bot-mots-rares,0.5958,9,1,0,0
1956,botbot4202,0.5958,9,1,662,1
1957,chapotraphouseGPT2,0.5958,9,1,0,0
1958,chessvision_ai_human,0.5958,9,1,0,0
1959,englishfier,0.5958,9,1,115,1
1960,hobbydramaGPT2Bot,0.5958,9,1,9291,5749
1961,miaueissoai,0.5958,9,1,0,0
1962,rainbow_dasher420,0.5958,9,1,4254,7211
1963,waslosdamitt,0.5958,9,1,16517,4682
1964,waterguy12_bot,0.5958,9,1,591,33
1965,FantasyPL_bot,0.5953,19,5,5627,109196
1966,newswall-org,0.5939,60,26,9469,698
1967,thatBrassMonkey,0.5924,21,6,1728,157
1968,DaniDevChainBreaker,0.5914,120,61,11775,161
1969,Ivjjj,0.5907,23,7,39266,10873
1970,Upvote_Bot_3000,0.59,35,13,0,0
1971,GaanaBot,0.5897,14,3,1606,1
1972,efdi,0.5897,14,3,0,0
1973,tybug3,0.5893,31,11,228,1
1974,KGBTRBot,0.5889,97,48,6505,84
1975,BooCMB,0.5885,937,591,3141592,3141592
1976,ception_bot,0.5856,84,41,5797,1
1977,NNNSupporterBot,0.5855,72,34,9584,1
1978,THC-Lab,0.584,16,4,0,0
1979,flairchange_bot,0.5824,262,154,53059,194
1980,Isbot2000,0.5823,45,19,8786,15689
1981,rule34,0.582,101,52,86902,49
1982,I-AM-PIRATE,0.5818,488,304,39556,1
1983,shittytranslatorbot,0.581,18,5,337243,27
1984,ukpolbot,0.581,18,5,996,54602
1985,SmileBot-2020,0.5809,239,140,0,0
1986,RepostMasterBot,0.5805,74,36,3622,6
1987,ununyoda-bot,0.5799,41,17,0,0
1988,GiveBot,0.5795,20,6,2559,1
1989,dexterrible,0.5789,22,7,48977,147476
1990,teamworktf,0.5778,46,20,4939,9909
1991,AutoShadow0133,0.5776,11,2,790,1
1992,Efcee,0.5776,11,2,1208,9017
1993,FEH_Bot,0.5776,11,2,3088,888
1994,MisterCherno,0.5776,11,2,27018,537
1995,Spaghentai-Bot,0.5776,11,2,24114,226681
1996,TheOrBot,0.5776,11,2,5563,990
1997,Trey-Mazing,0.5776,11,2,215,16230
1998,UkraineWithoutTheBot,0.577,1457,985,61266,1
1999,spellingbotwithtumor,0.5766,118,64,0,0
2000,TeeBotMod,0.5745,33,13,16442,18
2001,AnotherCakeDayBot,0.5736,47,21,8860,9
2002,bot-killer-001,0.5734,694,459,0,0
2003,Lolice-bot,0.5699,13,3,0,0
2004,ballad-bot,0.5699,13,3,0,0
2005,eye_of_illuminati,0.5699,13,3,0,0
2006,smeagol-bot,0.5699,13,3,0,0
2007,friendly-bot,0.5694,548,363,0,0
2008,kerbal_galactic,0.5693,187,112,0,0
2009,sub_doesnt_exist_bot,0.5692,5533,4021,0,0
2010,CricinfoBot,0.5688,25,9,0,0
2011,BadSopranosBot,0.5667,15,4,0,0
2012,RemoveMeNot,0.5667,15,4,0,0
2013,alphabetical_bot,0.5667,15,4,0,0
2014,wanderingbilby,0.5667,15,4,0,0
2015,CharitableLinkBot,0.5666,39,17,0,0
2016,TooShiftyForYou,0.5666,39,17,0,0
2017,obvious_bot,0.5657,19,6,0,0
2018,BestForkingBot,0.5656,17,5,0,0
2019,-Engired-,0.5655,5,0,0,0
2020,0110bot,0.5655,5,0,0,0
2021,1JMe,0.5655,5,0,0,0
2022,Academic-Strength-52,0.5655,5,0,0,0
2023,Amy-Bot,0.5655,5,0,0,0
2024,AostaValley,0.5655,5,0,0,0
2025,Arandomwombat73,0.5655,5,0,0,0
2026,Arkas38,0.5655,5,0,0,0
2027,Ashneer_Bot,0.5655,5,0,0,0
2028,AutoMobBot,0.5655,5,0,0,0
2029,BattlefieldVBot,0.5655,5,0,0,0
2030,Bernanke-Bot,0.5655,5,0,0,0
2031,BlackLabBot,0.5655,5,0,0,0
2032,BlathersBot,0.5655,5,0,0,0
2033,BoomGoesTNT17,0.5655,5,0,0,0
2034,CFBCrootBot,0.5655,5,0,0,0
2035,ChannelBot,0.5655,5,0,0,0
2036,Clobro123,0.5655,5,0,0,0
2037,CloudyStarSky,0.5655,5,0,0,0
2038,Comments_Technoblade,0.5655,5,0,0,0
2039,ConsciousPain9,0.5655,5,0,0,0
2040,CttCJim,0.5655,5,0,0,0
2041,CxUpdates,0.5655,5,0,0,0
2042,DCdudeman1776,0.5655,5,0,0,0
2043,DaHerv,0.5655,5,0,0,0
2044,Daanial_,0.5655,5,0,0,0
2045,Death-0,0.5655,5,0,0,0
2046,DeathstrokeStudios11,0.5655,5,0,0,0
2047,Designer_Koala_1087,0.5655,5,0,0,0
2048,Dexaan,0.5655,5,0,0,0
2049,Diamondhandatis,0.5655,5,0,0,0
2050,DilankaMcLovin,0.5655,5,0,0,0
2051,DiscordAppMods,0.5655,5,0,0,0
2052,DysphoriaInfoBot,0.5655,5,0,0,0
2053,EggSandwich12,0.5655,5,0,0,0
2054,ElectricToaster67,0.5655,5,0,0,0
2055,Endie-Bot,0.5655,5,0,0,0
2056,Etek6zoomlayan,0.5655,5,0,0,0
2057,Every-Law9828,0.5655,5,0,0,0
2058,FUCKYOU-LOGANG-BOT,0.5655,5,0,0,0
2059,FactorioWikiBot,0.5655,5,0,0,0
2060,Far_Comfortable980,0.5655,5,0,0,0
2061,FirstDagger,0.5655,5,0,0,0
2062,G0J0_SAT0RU,0.5655,5,0,0,0
2063,Gaqs,0.5655,5,0,0,0
2064,GiornoBot,0.5655,5,0,0,0
2065,Good-Human-Bot,0.5655,5,0,0,0
2066,GraffitiJones,0.5655,5,0,0,0
2067,HammerIsMyName,0.5655,5,0,0,0
2068,HearthscaM_Bot,0.5655,5,0,0,0
2069,HungryScientist-GPT2,0.5655,5,0,0,0
2070,Icy-Purple-6500,0.5655,5,0,0,0
2071,Inception5,0.5655,5,0,0,0
2072,Indubitablyahuman,0.5655,5,0,0,0
2073,Jack-Land,0.5655,5,0,0,0
2074,JokeExplainBot,0.5655,5,0,0,0
2075,KaltovenCoDM,0.5655,5,0,0,0
2076,KayWiszmanski,0.5655,5,0,0,0
2077,KnightDenenAdam,0.5655,5,0,0,0
2078,KnightofForestsWild,0.5655,5,0,0,0
2079,LEEVI_2007_2,0.5655,5,0,0,0
2080,LEGO_IDEAS_BOT,0.5655,5,0,0,0
2081,LoansBot,0.5655,5,0,0,0
2082,LucidDreaming_bot,0.5655,5,0,0,0
2083,Memetron9000,0.5655,5,0,0,0
2084,Minikloon,0.5655,5,0,0,0
2085,MistaBot,0.5655,5,0,0,0
2086,MistreatedWorld,0.5655,5,0,0,0
2087,Mr_1nsomnia,0.5655,5,0,0,0
2088,NSFW-Turk-MOD,0.5655,5,0,0,0
2089,NaTrave,0.5655,5,0,0,0
2090,NatsukiCounter,0.5655,5,0,0,0
2091,NevadoDelRuiz,0.5655,5,0,0,0
2092,Nice_Cock_Bot,0.5655,5,0,0,0
2093,NoCountryForOldPete,0.5655,5,0,0,0
2094,NoIdeasForAUsername9,0.5655,5,0,0,0
2095,OPPreserverBot,0.5655,5,0,0,0
2096,PM-ME-YOUR-TECH-TIPS,0.5655,5,0,0,0
2097,PUBGM_Bot,0.5655,5,0,0,0
2098,Please_No_More_Potty,0.5655,5,0,0,0
2099,PureRegretto,0.5655,5,0,0,0
2100,RLWhewBot,0.5655,5,0,0,0
2101,RaMpEdUp98,0.5655,5,0,0,0
2102,ReRostsleuthbot,0.5655,5,0,0,0
2103,RepostSleutthBot,0.5655,5,0,0,0
2104,Rimworld_SSI,0.5655,5,0,0,0
2105,Rise_Of_Gods,0.5655,5,0,0,0
2106,SC_VoteRegister_Bot,0.5655,5,0,0,0
2107,Salvo1004,0.5655,5,0,0,0
2108,SatActbot,0.5655,5,0,0,0
2109,Save_This_Video,0.5655,5,0,0,0
2110,Scam_finder,0.5655,5,0,0,0
2111,Scout_On_Drugs,0.5655,5,0,0,0
2112,SeaworthinessNew5049,0.5655,5,0,0,0
2113,Sergey_Karjakin_Bot,0.5655,5,0,0,0
2114,SerpentineLogic,0.5655,5,0,0,0
2115,Shitty_Google_Bot,0.5655,5,0,0,0
2116,Smoking-is-bad-bot,0.5655,5,0,0,0
2117,SparklezBot,0.5655,5,0,0,0
2118,Stephencurry3030,0.5655,5,0,0,0
2119,StreamInfoBot,0.5655,5,0,0,0
2120,Street_Ad2064,0.5655,5,0,0,0
2121,SusanBot-GPT2,0.5655,5,0,0,0
2122,TSiNNmreza2,0.5655,5,0,0,0
2123,TheGreatZarquon,0.5655,5,0,0,0
2124,The_Sad_Memer,0.5655,5,0,0,0
2125,Title2Image,0.5655,5,0,0,0
2126,Too_Leight,0.5655,5,0,0,0
2127,TracerWG,0.5655,5,0,0,0
2128,TylerTheWolf123,0.5655,5,0,0,0
2129,Uchiha_Niloya,0.5655,5,0,0,0
2130,VG-Damian,0.5655,5,0,0,0
2131,ValueOfBot,0.5655,5,0,0,0
2132,Vegetable_Ant5161,0.5655,5,0,0,0
2133,VelominatiBot,0.5655,5,0,0,0
2134,Video-Mirror-Bot,0.5655,5,0,0,0
2135,WKN-Bot,0.5655,5,0,0,0
2136,WebsiteArchivalBot,0.5655,5,0,0,0
2137,WhichFuckingGlyph,0.5655,5,0,0,0
2138,WolfOfParis,0.5655,5,0,0,0
2139,Ye_olde_oak_store,0.5655,5,0,0,0
2140,Yerin-Bot,0.5655,5,0,0,0
2141,Yimbyx,0.5655,5,0,0,0
2142,YoolyYala,0.5655,5,0,0,0
2143,YouGetToBe-A-Mod-Bot,0.5655,5,0,0,0
2144,_Quotr,0.5655,5,0,0,0
2145,_RepostSleuthBot-,0.5655,5,0,0,0
2146,__Dawn__Amber__,0.5655,5,0,0,0
2147,__Jimmy__,0.5655,5,0,0,0
2148,___STOMPY___,0.5655,5,0,0,0
2149,_lemonpledge_,0.5655,5,0,0,0
2150,askscienceGPT2Bot,0.5655,5,0,0,0
2151,asmrcipiyanist,0.5655,5,0,0,0
2152,batata5882,0.5655,5,0,0,0
2153,bdmelh,0.5655,5,0,0,0
2154,bob_dole-,0.5655,5,0,0,0
2155,bot_fucker69,0.5655,5,0,0,0
2156,camelCassette,0.5655,5,0,0,0
2157,ccylensesikintiyok,0.5655,5,0,0,0
2158,chessvision-ai_bot,0.5655,5,0,0,0
2159,comfort_bot_001,0.5655,5,0,0,0
2160,crash_crash_crash,0.5655,5,0,0,0
2161,cum-count-bot,0.5655,5,0,0,0
2162,dndmemes_d20_bot,0.5655,5,0,0,0
2163,do-you-know-the-way9,0.5655,5,0,0,0
2164,dobo_bot,0.5655,5,0,0,0
2165,dogwoodmaple,0.5655,5,0,0,0
2166,dolutufegiterstut,0.5655,5,0,0,0
2167,doradiamond,0.5655,5,0,0,0
2168,dyatlov-bot,0.5655,5,0,0,0
2169,efitz11,0.5655,5,0,0,0
2170,emoji_shame_bot,0.5655,5,0,0,0
2171,frank-reynolds-bot,0.5655,5,0,0,0
2172,ftheredsoxbot,0.5655,5,0,0,0
2173,funny_b0t,0.5655,5,0,0,0
2174,goooseJuice,0.5655,5,0,0,0
2175,have_an_epic_day_bot,0.5655,5,0,0,0
2176,htawz1,0.5655,5,0,0,0
2177,hx-er,0.5655,5,0,0,0
2178,i-follow-every2,0.5655,5,0,0,0
2179,iamnotabot200,0.5655,5,0,0,0
2180,iamstocknoob,0.5655,5,0,0,0
2181,irieball,0.5655,5,0,0,0
2182,johnstanton888999,0.5655,5,0,0,0
2183,kyoumokawaii,0.5655,5,0,0,0
2184,mathGPT2Bot,0.5655,5,0,0,0
2185,nee_charithra_bot,0.5655,5,0,0,0
2186,new_pribor,0.5655,5,0,0,0
2187,nitter_not_twitter,0.5655,5,0,0,0
2188,paroles,0.5655,5,0,0,0
2189,petar43,0.5655,5,0,0,0
2190,pm_me_your_bw_pics,0.5655,5,0,0,0
2191,politicsGPT2Bot,0.5655,5,0,0,0
2192,polyworfism,0.5655,5,0,0,0
2193,ratfathat,0.5655,5,0,0,0
2194,redditboy123451,0.5655,5,0,0,0
2195,redsilverbullet,0.5655,5,0,0,0
2196,regoapps,0.5655,5,0,0,0
2197,roll_one_for_me,0.5655,5,0,0,0
2198,rubemll,0.5655,5,0,0,0
2199,saiiyu,0.5655,5,0,0,0
2200,samrus,0.5655,5,0,0,0
2201,scotus-bot,0.5655,5,0,0,0
2202,seems_ligit_,0.5655,5,0,0,0
2203,shutupserene,0.5655,5,0,0,0
2204,sky_is_not_the_limit,0.5655,5,0,0,0
2205,slampisko,0.5655,5,0,0,0
2206,slight,0.5655,5,0,0,0
2207,so_then,0.5655,5,0,0,0
2208,socialismGPT2Bot,0.5655,5,0,0,0
2209,sociotechno,0.5655,5,0,0,0
2210,stonerphilosophyGPT2,0.5655,5,0,0,0
2211,tag_65,0.5655,5,0,0,0
2212,terrarialord201,0.5655,5,0,0,0
2213,turk_bot,0.5655,5,0,0,0
2214,uiuc-bot,0.5655,5,0,0,0
2215,virtual_anime_girl,0.5655,5,0,0,0
2216,voyeur324,0.5655,5,0,0,0
2217,welcometomarslmao,0.5655,5,0,0,0
2218,wsbtickerbot,0.5655,5,0,0,0
2219,xPornDetective,0.5655,5,0,0,0
2220,zote_gaming,0.5655,5,0,0,0
2221,AceTheBot,0.565,8,1,0,0
2222,Amogus_sus_scanner,0.565,8,1,0,0
2223,Bot_On_Meth,0.565,8,1,0,0
2224,HilariaBot,0.565,8,1,0,0
2225,Jackie_Rompana,0.565,8,1,0,0
2226,LinuxHelpBot,0.565,8,1,0,0
2227,MeltMore,0.565,8,1,0,0
2228,MuseumBot,0.565,8,1,0,0
2229,NathanTheSnake,0.565,8,1,0,0
2230,RMavayya_bot,0.565,8,1,0,0
2231,RamsesThePigeon,0.565,8,1,0,0
2232,RaulFigueroa_bot,0.565,8,1,0,0
2233,Rebbit-bit,0.565,8,1,0,0
2234,Repost-Tracker,0.565,8,1,0,0
2235,Space_JesusKenobi,0.565,8,1,0,0
2236,TheSystemGuy64,0.565,8,1,0,0
2237,Thrust-bot,0.565,8,1,0,0
2238,WilliamDavidHarrison,0.565,8,1,0,0
2239,_serene_Shutup,0.565,8,1,0,0
2240,cvnvr,0.565,8,1,0,0
2241,foxnewsfunfacts,0.565,8,1,0,0
2242,okbuddyretar_GPT2Bot,0.565,8,1,0,0
2243,piceus,0.565,8,1,0,0
2244,rCallofDutyBot,0.565,8,1,0,0
2245,repostseluthbot,0.565,8,1,0,0
2246,rooftoprevival,0.565,8,1,0,0
2247,throbbing_tromboner,0.565,8,1,0,0
2248,unpopularopinionGPT2,0.565,8,1,0,0
2249,WaterIsWetBot,0.5648,1112,782,0,0
2250,AutoModerator,0.5637,44673,34089,0,0
2251,demonitize_bot,0.563,515,349,0,0
2252,AntiWellWishesBot,0.5601,26,10,0,0
2253,disguise_bot,0.5578,24,9,0,0
2254,CricketMatchBot,0.5573,49,24,0,0
2255,remindditbot,0.5562,112,66,0,0
2256,Emojify_Creator,0.5557,183,116,0,0
2257,a-mirror-bot,0.5555,22,8,0,0
2258,RatedCommentBot,0.5551,308,207,0,0
2259,aNoiceBot,0.555,47,23,0,0
2260,CommonMisspellingBot,0.5528,3939,3039,0,0
2261,Cant_think_of_shz,0.552,10,2,0,0
2262,EthBannerBot,0.552,10,2,0,0
2263,SeriousSamStone,0.552,10,2,0,0
2264,legopartsbot,0.552,10,2,0,0
2265,python_boti,0.552,10,2,0,0
2266,tinkerbell2678,0.552,10,2,0,0
2267,vet-bait-bot,0.552,10,2,0,0
2268,phonebatterylevelbot,0.5512,4842,3779,0,0
2269,doggobotlovesyou,0.551,18,6,0,0
2270,GoodBotBadHuman-,0.5504,1251,939,0,0
2271,BogleBot,0.5491,16,5,0,0
2272,FeelsOkayBot,0.5491,16,5,0,0
2273,clichebot9001,0.5491,16,5,0,0
2274,jokeriotBot,0.5491,16,5,0,0
2275,MRS_0BAMA_GET_DOWN,0.5481,12,3,0,0
2276,MackLMD,0.5481,12,3,0,0
2277,OH_YEAH-BOT,0.5481,12,3,0,0
2278,ReaperGaming123,0.5481,12,3,0,0
2279,SpainAltDetector,0.5481,12,3,0,0
2280,Willard_Points_Bot,0.5481,12,3,0,0
2281,autocommenter_bot,0.5481,12,3,0,0
2282,needamod-bot,0.5481,12,3,0,0
2283,simsekmcquuenkachow,0.5481,12,3,0,0
2284,rickroll-counter,0.548,261,178,0,0
2285,BeginnerProjectBot,0.5478,14,4,0,0
2286,reddit_predictions,0.5478,14,4,0,0
2287,IGiveFreeCompliments,0.5463,23,9,0,0
2288,phcomments-sauce-bot,0.546,50,26,0,0
2289,TheImpotentCatfish,0.5433,31,14,0,0
2290,ApiContraption,0.5424,64,36,0,0
2291,NoHInCage,0.5392,19,7,0,0
2292,Anti_Fake_Yoda_Bot,0.5389,427,316,0,0
2293,VisualMod,0.5361,248,177,0,0
2294,I_am_bot_beep_boop,0.5353,17,6,0,0
2295,WikiWhatBot,0.5341,55,31,0,0
2296,botrightsbot,0.5341,22,9,0,0
2297,queen_of_england_bot,0.5319,864,688,0,0
2298,DollarDollarBillBot,0.5314,25,11,0,0
2299,osu-bot,0.5314,25,11,0,0
2300,AskRedditModerators,0.5313,15,5,0,0
2301,WilloQuarterBot,0.5313,15,5,0,0
2302,anrde-bot,0.5313,15,5,0,0
2303,no_infamy_bot,0.5299,100,65,0,0
2304,Mecha-Jerome-Powell,0.5297,34,17,0,0
2305,01648319597524,0.5291,7,1,0,0
2306,AAlttAAcoountt,0.5291,7,1,0,0
2307,AgentSmith_GPT2,0.5291,7,1,0,0
2308,BobRossBot_,0.5291,7,1,0,0
2309,Catbot1310,0.5291,7,1,0,0
2310,Comrade-Bedo56,0.5291,7,1,0,0
2311,DefinetlyHumanBot,0.5291,7,1,0,0
2312,EggoSlayer,0.5291,7,1,0,0
2313,GeneralGrievous-Bot,0.5291,7,1,0,0
2314,Hayatan_Bikmis_Papaz,0.5291,7,1,0,0
2315,HikkiCaresBot,0.5291,7,1,0,0
2316,KomiBot,0.5291,7,1,0,0
2317,Lucyiffer,0.5291,7,1,0,0
2318,MyMomBot,0.5291,7,1,0,0
2319,Reddit_Bronze_Bot,0.5291,7,1,0,0
2320,Relevant_Magic-Card,0.5291,7,1,0,0
2321,Respects_paid_bot,0.5291,7,1,0,0
2322,Ricky_bot,0.5291,7,1,0,0
2323,ScamSlayer,0.5291,7,1,0,0
2324,Scone-Bandit,0.5291,7,1,0,0
2325,Septa-Unella--bot,0.5291,7,1,0,0
2326,SmallYTChannelBot,0.5291,7,1,0,0
2327,Temporal_Illusion,0.5291,7,1,0,0
2328,That_Unknown_Player,0.5291,7,1,0,0
2329,Where_Was_This_Done,0.5291,7,1,0,0
2330,YOW-Weather-Records,0.5291,7,1,0,0
2331,avatar_automod,0.5291,7,1,0,0
2332,dbrwill,0.5291,7,1,0,0
2333,destiny_item_bot,0.5291,7,1,0,0
2334,dunder_gifflin,0.5291,7,1,0,0
2335,elden_ring_names_bot,0.5291,7,1,0,0
2336,enesgzbyk,0.5291,7,1,0,0
2337,esplasmosico51,0.5291,7,1,0,0
2338,get-vid,0.5291,7,1,0,0
2339,git-commit-die,0.5291,7,1,0,0
2340,have_a_good_day_bot2,0.5291,7,1,0,0
2341,itsBreathenotBreath,0.5291,7,1,0,0
2342,johnlen1n,0.5291,7,1,0,0
2343,ldrescher,0.5291,7,1,0,0
2344,mudermarshmallows,0.5291,7,1,0,0
2345,myrmecogynandromorph,0.5291,7,1,0,0
2346,n0rmiec0p,0.5291,7,1,0,0
2347,nflgifbot,0.5291,7,1,0,0
2348,rCricketStreamables,0.5291,7,1,0,0
2349,the_pm_me_bot,0.5291,7,1,0,0
2350,unusual-word-bot,0.5291,7,1,0,0
2351,xkcd_bot2000,0.5291,7,1,0,0
2352,yedoyljff86s,0.5291,7,1,0,0
2353,MyRSSbot,0.5284,44,24,0,0
2354,DefinitelyHelpfulBot,0.5275,144,100,0,0
2355,where-linux-bot,0.5275,41,22,0,0
2356,PikabuFlairBot,0.5274,13,4,0,0
2357,VieiraBot,0.5274,13,4,0,0
2358,YondHamletGent,0.5274,13,4,0,0
2359,ammonium_bot,0.5274,13,4,0,0
2360,bobcobble,0.5274,13,4,0,0
2361,motivating-bot,0.5257,101,67,0,0
2362,pythonHelperBot,0.5254,26,12,0,0
2363,HeckingBot,0.5249,72,45,0,0
2364,Flair_Helper,0.5241,11,3,0,0
2365,ItsLapisBot,0.5241,11,3,0,0
2366,OC-Bot,0.5241,11,3,0,0
2367,OnePiece_Wiki_Bot,0.5241,11,3,0,0
2368,ToS_Helper_Bot,0.5241,11,3,0,0
2369,duhbreez,0.5241,11,3,0,0
2370,moviedetailsGPT2Bot,0.5241,11,3,0,0
2371,thehuskybot,0.5241,11,3,0,0
2372,agree-with-you,0.5239,626,506,0,0
2373,JaimeLannisterBot,0.523,9,2,0,0
2374,Otherwise-Shame-2391,0.523,9,2,0,0
2375,PennyPumper,0.523,9,2,0,0
2376,Stronger1088,0.523,9,2,0,0
2377,crypto_bot,0.523,9,2,0,0
2378,patsbot,0.523,9,2,0,0
2379,weekendbot,0.523,9,2,0,0
2380,wrongwild_bot,0.523,9,2,0,0
2381,paragraphiser_bot,0.5212,21,9,0,0
2382,pee-reminder-bot,0.5212,21,9,0,0
2383,Error404-loading,0.5185,16,6,0,0
2384,hockeydiscussionbot,0.5167,31,16,0,0
2385,LongPostBot,0.5152,19,8,0,0
2386,N0TE-1,0.5152,19,8,0,0
2387,Officer_Monitor,0.5148,35,19,0,0
2388,MilkedMod,0.5121,14,5,0,0
2389,bazisolt_bot,0.5121,14,5,0,0
2390,WhyNotCollegeBoard,0.5115,4105,3750,0,0
2391,---Yeeteronies---,0.5101,4,0,0,0
2392,-BookBot-,0.5101,4,0,0,0
2393,-GeneralKenobi-,0.5101,4,0,0,0
2394,-def,0.5101,4,0,0,0
2395,1u4n4,0.5101,4,0,0,0
2396,2fast2feeless_,0.5101,4,0,0,0
2397,3B3-386,0.5101,4,0,0,0
2398,88T3,0.5101,4,0,0,0
2399,AccomplishedAnchovy,0.5101,4,0,0,0
2400,Adventurous_Ladder,0.5101,4,0,0,0
2401,AfyoniBot,0.5101,4,0,0,0
2402,AlexRLJones,0.5101,4,0,0,0
2403,AlphabetizerBot,0.5101,4,0,0,0
2404,AnnonymousRedditor28,0.5101,4,0,0,0
2405,Apostrophe__Avenger,0.5101,4,0,0,0
2406,Atairy,0.5101,4,0,0,0
2407,AwesomeAutobot,0.5101,4,0,0,0
2408,BIN-ILL-03,0.5101,4,0,0,0
2409,BallisticMango,0.5101,4,0,0,0
2410,BananaFactBoi,0.5101,4,0,0,0
2411,BananaFacts_Bot,0.5101,4,0,0,0
2412,Battle_Beast770,0.5101,4,0,0,0
2413,Beast9Schrodinger,0.5101,4,0,0,0
2414,BendeSeninAnaniBot,0.5101,4,0,0,0
2415,BerdBot,0.5101,4,0,0,0
2416,BigHoneyBot,0.5101,4,0,0,0
2417,BitchesBeScammin,0.5101,4,0,0,0
2418,BlackMediaBot,0.5101,4,0,0,0
2419,BlockCraftedX,0.5101,4,0,0,0
2420,Brazzers-Bot,0.5101,4,0,0,0
2421,Bubble-Wrap-Bot,0.5101,4,0,0,0
2422,BurnOutBrighter6,0.5101,4,0,0,0
2423,CM_Samurai,0.5101,4,0,0,0
2424,Catowong,0.5101,4,0,0,0
2425,ChapoDetected,0.5101,4,0,0,0
2426,CodeFormatHelperBot,0.5101,4,0,0,0
2427,CommonSubredditBot,0.5101,4,0,0,0
2428,Cool-Bot-69,0.5101,4,0,0,0
2429,CoolWarrior007,0.5101,4,0,0,0
2430,Crul_,0.5101,4,0,0,0
2431,CyberPunkMetalHead,0.5101,4,0,0,0
2432,DaLollix,0.5101,4,0,0,0
2433,DarkFalconXX,0.5101,4,0,0,0
2434,DarkPool_ShillBot,0.5101,4,0,0,0
2435,Darnit_Bot,0.5101,4,0,0,0
2436,Desperate-Simple-936,0.5101,4,0,0,0
2437,Doppelfrio,0.5101,4,0,0,0
2438,Doublegolem,0.5101,4,0,0,0
2439,Dragonsheepling,0.5101,4,0,0,0
2440,Dylz52,0.5101,4,0,0,0
2441,ELI4_Bot,0.5101,4,0,0,0
2442,Early_LifeBot,0.5101,4,0,0,0
2443,Edialexx,0.5101,4,0,0,0
2444,Eineron_456,0.5101,4,0,0,0
2445,ElQuuiean,0.5101,4,0,0,0
2446,Elidon007,0.5101,4,0,0,0
2447,Endercheif,0.5101,4,0,0,0
2448,ErgoTipperBot,0.5101,4,0,0,0
2449,EridBot,0.5101,4,0,0,0
2450,FEwood,0.5101,4,0,0,0
2451,FPInkBot,0.5101,4,0,0,0
2452,FaceAppDetector,0.5101,4,0,0,0
2453,FakeCartsKill,0.5101,4,0,0,0
2454,FckMyStudentLoans,0.5101,4,0,0,0
2455,Fckkaputin,0.5101,4,0,0,0
2456,FiniteDinoBot,0.5101,4,0,0,0
2457,Firehornet117,0.5101,4,0,0,0
2458,Future_People,0.5101,4,0,0,0
2459,GPT-2_Bot,0.5101,4,0,0,0
2460,GigaBowserNS,0.5101,4,0,0,0
2461,Good-Mulberry-3505,0.5101,4,0,0,0
2462,Government-WatchList,0.5101,4,0,0,0
2463,GreatDodecahedron,0.5101,4,0,0,0
2464,GreyBot9000,0.5101,4,0,0,0
2465,Grogu-Bot,0.5101,4,0,0,0
2466,GuessTheCoasterBot,0.5101,4,0,0,0
2467,HappyBot-2,0.5101,4,0,0,0
2468,HarkerBarker,0.5101,4,0,0,0
2469,HerrEurobeat,0.5101,4,0,0,0
2470,HeySiri_Official,0.5101,4,0,0,0
2471,HiveMynd148,0.5101,4,0,0,0
2472,HomebaseBot,0.5101,4,0,0,0
2473,Honoeka,0.5101,4,0,0,0
2474,HoseanRC,0.5101,4,0,0,0
2475,Hulk6931,0.5101,4,0,0,0
2476,ILikeTurtles2118,0.5101,4,0,0,0
2477,ISNT_A_ROBOT,0.5101,4,0,0,0
2478,IVantiasI,0.5101,4,0,0,0
2479,Iamdefinetlyabot,0.5101,4,0,0,0
2480,Idealbug67,0.5101,4,0,0,0
2481,Intelligent-Goose,0.5101,4,0,0,0
2482,InternetPresent2823,0.5101,4,0,0,0
2483,IsABot,0.5101,4,0,0,0
2484,ItsMyth0s,0.5101,4,0,0,0
2485,JackyDrayer,0.5101,4,0,0,0
2486,Jeggu2,0.5101,4,0,0,0
2487,JesseWinkerBot,0.5101,4,0,0,0
2488,JoeExplainsBadly,0.5101,4,0,0,0
2489,Josvys,0.5101,4,0,0,0
2490,Kaido_bot,0.5101,4,0,0,0
2491,KaztBot,0.5101,4,0,0,0
2492,KejruBot,0.5101,4,0,0,0
2493,KenobiObiWan66,0.5101,4,0,0,0
2494,Kill3rR0b0t,0.5101,4,0,0,0
2495,KingTZYB,0.5101,4,0,0,0
2496,Korpels,0.5101,4,0,0,0
2497,LEAPYEAR_FOR_SCIENCE,0.5101,4,0,0,0
2498,LadyMoirai,0.5101,4,0,0,0
2499,Late-Requirement-653,0.5101,4,0,0,0
2500,Lauris024,0.5101,4,0,0,0
