username,avg_comment_similarity,avg_comment_time_interval,avg_reply_speed
ninernetneepneep,0.4851848213214226,0 days 02:25:30,0 days 09:43:20
Imdatingstaceysmom,0.4785840448464188,6 days 21:24:15,0 days 09:19:36
dirtyALEK,0.4626103240810988,1 days 10:16:53,0 days 03:50:48
AlpacaWarMachine,0.3322414634462196,5 days 13:34:20,0 days 00:19:51
AegonTheBest,0.2679383273930419,13 days 14:42:18,0 days 05:25:20
Obduraterthanthepast,0.32433682099088673,1 days 12:09:34,0 days 04:19:32
ytilonhdbfgvds,0.6240811246432555,0 days 05:25:12,0 days 01:26:43
urinemygape,0.4176642759661488,22 days 17:11:05,0 days 04:49:33
BossLoaf1472,0.25706837579497144,0 days 03:08:07,0 days 07:28:38
Eadweard85,0.4118008073701651,0 days 00:59:38,0 days 03:27:39
Most_kinds_of_Dirt,0.6894064854844371,0 days 04:11:55,0 days 03:48:30
GayByTheBay,0.3833146631839843,0 days 10:17:15,0 days 09:32:11
BrokenArrows95,0.34260953761992596,0 days 00:01:43,0 days 04:45:03
Alfonze423,0.5185497516678931,0 days 15:40:59,0 days 05:04:04
KeyStep8,0.583786858701251,0 days 01:14:29,0 days 00:33:27
randomguest59,0.3716142273646629,44 days 22:47:17,0 days 07:36:14
dantian,0.4842934797533135,10 days 19:47:31,0 days 06:19:39
ChainingScroll2,0.5292795839744009,12 days 04:09:00,0 days 19:47:45
Gua_Bao,0.387240093446823,0 days 23:59:16,0 days 07:00:44
uponone,0.6439291478960664,0 days 05:32:59,0 days 02:19:48
kempff,0.28099212622320924,0 days 01:25:52,0 days 01:05:02
cowabungaboogaloo,0.44065191159636374,0 days 19:09:22,0 days 02:53:28
Dudes-Abide,0.26994197614864796,0 days 01:45:26,0 days 08:38:51
longboringstory,0.47624339926860937,1 days 05:36:37,0 days 03:09:32
Cranky-George,0.3185674099358327,0 days 10:52:09,0 days 10:40:26
ValuableJellynut,0.3959221424516545,3 days 21:41:44,0 days 09:03:56
mariobrowniano,0.4332147569957314,0 days 00:04:23,0 days 04:09:18
potatocakesssss,0.4386854346263402,3 days 17:14:32,0 days 07:21:26
DEM_DRY_BONES,0.2675858965800175,0 days 09:24:19,0 days 04:46:39
hpjj,0.20009783989560365,7 days 17:12:57,0 days 05:53:29
papasoilpants,0.6972258357859206,0 days 00:07:36,0 days 02:56:36
LuckyRyder,0.4943936799794646,0 days 02:41:57,0 days 07:02:51
anony8165,0.46307429464308825,0 days 23:49:01,0 days 03:22:58
ETChunter95,0.3111617919615506,1 days 10:30:55,0 days 06:38:40
DrJoshuaWyatt,0.37063063107298994,5 days 09:29:05,0 days 09:13:07
ChicagoReddd,0.11437445883941692,4 days 18:42:18,0 days 09:20:15
searing7,0.475184863519773,0 days 02:29:29,0 days 01:45:03
anonymous_lighting,0.3256899956168223,0 days 02:37:49,0 days 04:06:01
InnateConservative,0.5236426376498331,1 days 12:00:47,0 days 07:07:03
RealBlackberry,0.3235993688552275,2 days 19:04:28,0 days 18:17:35
Kitsunezaki,0.10090203261638185,1 days 09:55:36,2 days 11:00:12
TheDukeSam,0.5208183677728072,2 days 05:59:39,0 days 02:40:23
WillamThunderAct,0.33317292823507877,1 days 17:51:52,0 days 05:30:44
Kitsunezaki,0.10090203261638185,1 days 09:55:36,2 days 11:00:12
AbjectDisaster,0.49612757315795186,0 days 02:33:05,0 days 03:29:22
K0N1NG,0.4343023530156295,2 days 10:59:05,106 days 07:46:55
bearish_bool,0.3310647681133509,1 days 10:50:38,0 days 07:54:28
oorara5,0.4765005157470068,0 days 13:14:26,0 days 06:41:40
SoIJustBuyANewOne,0.3336154164865938,0 days 01:53:58,0 days 06:38:38
Redd_Baby,0.2525393388304513,0 days 18:24:33,0 days 05:44:21
En_Sabah_Nur,0.4275496079009973,0 days 15:06:43,0 days 02:00:01
TwoBuckExacta,0.3140464039855981,6 days 15:51:50,0 days 07:25:29
sleeknub,0.5667389325062319,0 days 00:04:09,0 days 02:41:18
ThePelicanThatCould,0.4402871937951691,1 days 19:51:55,0 days 04:03:30
Fast-Ad2235,0.4454500550721617,9 days 06:24:31,1 days 13:14:27
KermitThe__Frog,0.5664399942329222,5 days 13:17:02,0 days 05:47:08
sir_gobbles7,0.6306437692612189,0 days 08:35:58,0 days 15:46:30
99available,0.7025625754562858,0 days 00:12:54,0 days 04:04:42
Triforceoffarts,0.2632143028400325,0 days 07:42:34,0 days 03:16:00
SVMESSEFVIFVTVRVS,0.5559078749276075,3 days 08:00:59,0 days 02:27:43
Alphaetus_Prime,0.5573127834724495,0 days 04:58:26,0 days 03:10:17
aesthetickunt69,0.4731907244669989,0 days 02:43:23,0 days 12:53:52
ConscientiousPath,0.595168722041957,0 days 04:01:32,0 days 08:07:12
Ashhole37,0.37168053826094855,1 days 17:39:13,0 days 08:14:41
Emotional-Key-653,0.2793801217657139,0 days 03:02:24,0 days 08:07:40
NWbySW,0.4618204867757296,0 days 11:35:45,2 days 06:27:22
Pedinhuh,0.17533497049848343,0 days 00:24:50,0 days 07:36:13
I_SHOT_CHENEYS_HOMIE,0.21963032698080245,6 days 10:03:38,0 days 05:34:43
all_natural49,0.24295790997983197,0 days 03:32:43,0 days 05:15:23
Complex-Ad237,0.5229420526914649,0 days 03:37:39,0 days 02:40:24
sneaky-the-brave,0.3376987821262141,1 days 00:23:03,0 days 06:48:04
TylrLS,0.21707551748468748,0 days 07:18:51,0 days 09:35:37
jthreat21,0.37947453161718037,0 days 16:31:10,0 days 09:12:16
Historical-Ad6120,0.5149925352327004,0 days 11:09:22,0 days 10:50:53
CressInteresting,0.43351203308303876,1 days 05:38:43,0 days 03:18:41
neibegafig,0.43988297810858235,1 days 22:34:37,0 days 12:11:38
Phoenix_Lamburg,0.6602121984947323,0 days 18:46:16,0 days 04:46:57
JustAnotherPeasant01,0.33480029084447993,9 days 18:42:40,26 days 08:53:16
TheFlyWasRight,0.2645405348889921,0 days 02:36:27,0 days 02:52:35
INoScopedBambi,0.36000043966830214,3 days 02:27:36,0 days 02:22:49
alexaxl,0.422110120180182,0 days 00:02:54,0 days 07:46:39
HoovyTooby,0.18067524779706684,0 days 06:39:09,0 days 05:30:50
Nothingiscoolman,0.5119705809209786,0 days 09:29:36,0 days 03:41:17
WarsledSonarman,0.2999652663298615,0 days 02:44:06,0 days 06:16:07
InfowarriorKat,0.38852478792340095,0 days 04:25:35,0 days 06:49:42
ItsJustMeMaggie,0.43477114669931255,0 days 00:02:58,0 days 11:52:22
chenbuxie,0.25236118891661186,0 days 15:57:20,0 days 10:54:51
maxis2bored,0.2339738317084303,0 days 06:35:22,0 days 09:55:54
shining_wizard_,0.32656609205547643,5 days 07:33:45,0 days 05:52:22
Delifier,0.35795439922484207,0 days 07:39:37,0 days 08:23:29
BABarracus,0.2656359680259426,0 days 02:15:06,0 days 07:20:05
soldmytokensformoney,0.5290645242938324,1 days 04:16:47,0 days 05:18:34
epic_pig,0.10793314127460167,0 days 04:44:32,0 days 08:15:51
T4mvv1lc0xx,0.3689367505869659,0 days 19:25:03,0 days 06:10:20
FearsomeShitter,0.43980458404180583,0 days 22:56:46,0 days 19:24:19
PaulfussKrile,0.3384957245693204,3 days 10:11:53,0 days 13:53:13
Joe_30330,0.4451474196797718,0 days 22:54:24,0 days 06:02:13
tamasiaina,0.5275876602119115,0 days 19:00:48,0 days 06:32:45
RevolutionaryFig69,0.4725196978827401,0 days 06:21:48,0 days 01:09:43
CommanderPike,0.7111936072548899,1 days 11:58:55,0 days 03:19:15
bleedingjim,0.18604406357315068,0 days 05:41:25,0 days 09:14:46
bleedingjim,0.18604406357315068,0 days 05:41:25,0 days 09:14:46
Canonmeat,0.32974366805297356,12 days 21:20:16,1 days 18:26:05
TomXFoolery,0.7319938311013191,0 days 16:55:01,3 days 02:07:32
grotebozesmurf,0.2706941138986645,13 days 18:27:11,0 days 10:09:00
KillsburyShowBoy,0.5637844204788987,0 days 14:45:55,40 days 19:41:02
rationalobjector,0.5321553112348353,0 days 02:23:54,0 days 08:06:35
dariuskxx,0.49456246314434293,10 days 19:19:51,0 days 02:14:51
anbnzb,0.6269944957873906,16 days 09:51:11,0 days 06:16:56
CSKweh,0.41133836694681664,19 days 19:50:33,0 days 06:38:19
Jimmy_cracks_Corn,0.5890866123401886,4 days 23:55:36,0 days 13:49:29
ThiccestNibbaNA,0.2099931264596178,1 days 01:16:05,0 days 02:02:42
joeynsf,0.29778464131654,2 days 06:50:51,0 days 04:17:38
Jamones-chicharones,0.3790783295360163,8 days 13:14:25,0 days 02:57:31
thesaucewalker,0.242197521767916,5 days 18:23:44,0 days 06:27:32
JTuck333,0.24304079013363422,0 days 04:59:31,0 days 05:19:29
comfortablynumb0629,0.48289314839017755,0 days 10:49:39,0 days 05:16:45
rebelliousjuicebox,0.4297298698792522,12 days 05:29:59,149 days 05:04:08
GardenOfSpoons,0.336785907224597,1 days 10:05:03,0 days 11:00:02
BTK-LOL,0.33327968961052984,0 days 14:46:20,0 days 02:03:53
trextec,0.24398174762335184,3 days 00:09:06,239 days 22:26:55
Hot-Equivalent9189,0.5743463179920313,0 days 17:59:18,0 days 11:31:48
Tramplamp69420,0.08054622012453042,2 days 06:31:07,0 days 11:53:27
ReporterLeast5396,0.4078399677851523,0 days 04:05:48,0 days 02:59:33
airplantenthusiast,0.48735404365469864,0 days 16:16:11,0 days 05:56:20
Chance_Butterfly_987,0.4068056113844557,15 days 01:19:45,0 days 11:41:07
DreadPirateGriswold,0.3579372144897254,0 days 02:17:07,0 days 04:55:21
DV_Police,0.34454584392840487,0 days 23:41:26,0 days 05:53:24
NoleFan723,0.1922944710600475,0 days 01:31:19,0 days 08:01:12
averageuhbear,0.4323048023584904,0 days 13:00:45,0 days 05:04:20
GovernmentAgent_Q,0.634045756938407,5 days 13:28:26,1 days 00:03:54
BoredRenaissance,0.4790479866229971,0 days 19:34:00,0 days 04:35:56
MyTrademarkIsTaken,0.24081776382223222,0 days 00:08:49,0 days 09:47:14
Darkelementzz,0.5067737889224393,0 days 19:42:49,0 days 08:41:16
MaxP0wersaccount,0.39119654753560096,0 days 05:05:26,0 days 09:41:47
No-Feedback7437,0.4170910224763306,0 days 00:11:20,0 days 05:24:04
TJATAW,0.6212621199828331,1 days 20:48:30,0 days 07:29:52
Randy519,0.5449060642287914,0 days 06:41:10,0 days 05:35:55
gohoos1990,0.571418227077241,0 days 01:59:16,0 days 02:05:45
Randicore,0.51149929328653,0 days 01:57:28,0 days 03:39:51
adequacyenhanced,0.2888490719468731,40 days 03:26:54,0 days 09:16:48
acvdk,0.5383212760596852,0 days 01:08:45,0 days 04:30:08
Smurf_Sausage_Sucker,0.56536357633413,0 days 00:11:05,0 days 03:16:38
Miles-Standoffish,0.33512709458309253,4 days 00:10:03,1 days 04:19:06
CrimsonReign07,0.6197507662804339,3 days 16:46:55,0 days 13:20:50
HerrNachtWurst,0.43742381725878376,0 days 16:34:50,0 days 01:20:31
bungholebuffalo,0.3764035323015488,0 days 09:47:46,0 days 10:20:16
matrixnsight,0.6196182746036232,0 days 13:01:27,0 days 04:39:28
dunktheball,0.6515428876866077,0 days 01:01:06,0 days 02:08:52
iamthefluffyyeti,0.3848014567952103,0 days 00:22:49,0 days 03:51:17
RandomGameplayStuff,0.239295188729841,42 days 15:26:07,0 days 11:49:29
plague681,0.5028388864268099,0 days 02:53:27,0 days 00:22:30
Maevios,0.40200344461730936,0 days 12:23:02,0 days 06:16:01
Aggressive-Arm9724,0.3183635975477422,1 days 08:58:50,0 days 06:32:20
Pyroboss101,0.2608377088255605,0 days 07:46:48,0 days 05:55:45
khaste,0.6956061209069782,0 days 00:03:58,0 days 11:26:04
kenny-klogg,0.4872038329699883,2 days 23:30:48,0 days 06:21:56
TomorrowsHeroToday,0.5898849350791809,1 days 12:57:17,3 days 04:29:33
AndersFreeden,0.4381084186994924,15 days 13:04:53,1 days 08:04:24
PinedCortes,0.39334991748579656,13 days 02:28:57,371 days 17:43:58
ppanther92,0.3359585270628867,5 days 05:13:27,14 days 10:15:27
MeowMixYourMum,0.5442842823217826,0 days 16:43:52,0 days 02:12:42
PulledPorkPlease,0.33536826871571207,0 days 01:10:31,0 days 05:02:44
ProximalTripper,0.21131466764830067,9 days 11:11:47,0 days 08:59:25
PigViper22,0.1512449189868899,0 days 04:09:11,0 days 03:57:09
Grimm6066,0.3511290757147174,3 days 10:35:22,0 days 05:39:14
RealEastNasty,0.28537362508783864,1 days 13:32:37,0 days 08:35:56
Anubisrapture,0.27856256538736013,0 days 01:05:31,2 days 14:46:00
BillLaswell404,0.30620281697718715,1 days 07:04:45,0 days 07:03:00
NoTownBoy,0.4289000217250895,8 days 13:22:42,5 days 06:39:52
databoy-thatsme,0.33311335418232707,1 days 00:27:01,0 days 16:04:26
ei4nr4z,0.05806626992571959,0 days 22:57:50,17 days 06:56:20
1RookieSysAdmin,0.45599214658348103,5 days 05:11:13,57 days 09:43:07
stetsonmarshal,0.1744559156808609,0 days 02:45:23,0 days 08:56:42
OkBeing9818,0.39114646574220074,1 days 13:01:24,0 days 04:27:56
MethodBorn6289,0.2311373697608197,0 days 02:10:42,0 days 05:18:13
_scorchy_,0.31984822185707407,2 days 10:34:10,0 days 11:57:46
IBitchSLAPYourASS,0.3092065846808265,7 days 22:07:23,0 days 01:15:54
Sintinall,0.5309119531336812,0 days 01:18:00,0 days 00:35:33
oilybarbour,0.3286045605478727,0 days 09:47:03,0 days 06:29:24
Jos_Meid,0.5574905672560642,0 days 01:10:39,0 days 01:58:30
dgembeaux43,0.2559449261257469,3 days 08:12:46,0 days 01:07:02
Todef_,0.2711930457858795,0 days 05:28:22,0 days 07:09:53
Aurex86,0.28748540090212776,0 days 02:04:34,0 days 10:55:58
FartPartyFriday,0.1122499200615401,6 days 08:59:04,0 days 09:00:56
Aitloian,0.41143005690166284,0 days 10:02:11,0 days 06:12:25
kingblow1,0.23079635522613298,0 days 08:57:20,0 days 09:53:09
Sufficient_Boss_6782,0.3614507744890286,1 days 08:03:34,0 days 04:01:04
Simpoge39,0.27892456238735586,0 days 05:11:26,0 days 04:10:04
WarLord055,0.4210037787449876,0 days 10:52:07,5 days 20:14:29
somehting,0.5667776598886966,1 days 04:39:11,0 days 02:49:33
AdEffective8044,0.29857568865227974,13 days 17:30:29,0 days 04:08:54
buahuash,0.2533231890042707,0 days 13:52:21,0 days 07:11:54
96-62,0.5723361009875195,0 days 13:37:35,0 days 04:13:36
redditisaweful1,0.36763713297088096,0 days 00:21:25,0 days 04:23:57
DonJuanDeMichael1970,0.3800086144370565,3 days 02:06:45,0 days 11:24:19
Dafrick,0.5036887139665877,1 days 08:49:57,0 days 05:09:06
GoodOlSpence,0.5605608154614339,0 days 00:33:39,0 days 03:40:14
HelpMyCatHasGas,0.5815360286740725,0 days 00:45:27,0 days 01:55:39
Lord-Sprinkles,0.5958137352823314,0 days 04:48:59,86 days 01:50:06
16blacka,0.33818495094933254,5 days 04:53:43,18 days 08:05:45
JC_tiggr,0.2453256938957346,4 days 20:16:24,0 days 04:34:48
SellaraAB,0.5432910166552338,0 days 06:05:11,0 days 07:30:47
Professional_Ninja7,0.5962081459080864,0 days 01:57:43,0 days 02:19:11
Dragoonerism,0.5482336660440019,4 days 10:33:09,0 days 03:14:04
EllisHibbert,0.4682228742250341,18 days 07:24:20,0 days 08:04:39
wingnu1,0.3581213196080211,5 days 08:56:08,0 days 06:09:34
KernelMeowingtons,0.4416262982363599,0 days 17:59:00,0 days 03:53:37
cas47,0.4988186608608467,0 days 07:06:08,0 days 06:30:10
Lysol3435,0.3831741347318162,0 days 15:56:40,0 days 08:37:40
Left-Plastic_3754,0.6166645655126604,0 days 02:01:50,0 days 04:04:30
goldsagepanda,0.23811814805389667,17 days 09:30:26,0 days 04:07:20
DMs_Apprentice,0.3990261002610891,0 days 05:57:38,0 days 06:26:41
pls_no_ban_ok,0.5057740882467534,0 days 00:33:20,0 days 02:59:07
epoof,0.274676178485861,0 days 07:57:39,0 days 07:38:59
zezzene,0.5434033895972045,0 days 15:55:57,0 days 04:15:56
Starzinbarz,0.46087613529215066,4 days 22:27:17,0 days 06:20:34
GlaerOfHatred,0.3899687232830776,0 days 07:58:02,0 days 06:35:38
Asleep_Draft_9461,0.23881061377969215,6 days 06:20:59,17 days 08:21:00
Sh1bdib,0.3776381809905183,0 days 00:12:35,0 days 10:14:33
Warmtimes,0.5742865004733088,0 days 15:52:55,1 days 12:32:25
Quinn0Matic,0.6603460915833878,0 days 10:44:58,0 days 04:18:41
cheetochanga,0.5036368840117891,2 days 14:46:28,0 days 02:55:36
SqueeezeBurger,0.28105362412323764,0 days 19:25:38,0 days 06:56:47
DrewChrist87,0.27267543085506285,0 days 02:30:00,0 days 09:10:29
Biggy_DX,0.3618533100245863,0 days 11:40:56,0 days 17:28:09
BgDmnHero,0.3331742848584899,0 days 13:10:21,0 days 02:43:16
springguk,0.34372712732629,8 days 08:45:38,0 days 08:50:04
briannnnnnnnnnnnnnnn,0.4093277648052912,2 days 07:28:21,0 days 07:02:58
TheCanadianKnight,0.42938916086844164,2 days 01:12:38,0 days 02:47:59
zeratul98,0.6937292032158967,0 days 00:15:46,3 days 18:43:17
Anubisrapture,0.30245060422461695,0 days 00:40:28,0 days 05:57:35
three_times_slower,0.6386846043210416,0 days 00:03:00,0 days 12:16:27
gewse2020,0.21499329739991782,38 days 09:18:51,0 days 21:12:30
jperdue22,0.49304390961836925,0 days 16:36:11,0 days 05:35:02
psychgirl88,0.6445038839118984,0 days 03:07:05,0 days 11:12:53
someonesgranpa,0.6575766449777964,0 days 02:28:34,0 days 07:09:09
MissingLink123,0.46594768059405717,1 days 09:17:46,143 days 09:23:38
Red1Monster,0.2272052220779344,0 days 06:28:25,0 days 03:13:26
matrixnsight,0.6196182746036232,0 days 13:01:27,0 days 04:39:28
CynfullyDelicious,0.375694087638786,0 days 07:47:28,0 days 05:06:58
RatofDeath,0.48753435803066403,0 days 03:48:39,0 days 04:14:23
Substantial_Ask_9992,0.6727411602387011,0 days 05:47:42,76 days 08:25:16
Lola2050,0.5160801352298188,2 days 09:50:18,0 days 03:35:43
JoeBroski09,0.5789379993747364,0 days 01:01:03,0 days 00:26:44
j_stars,0.6262698602637814,0 days 02:55:06,0 days 02:22:26
Tocan139,0.3905696648513971,0 days 21:37:04,0 days 06:06:51
Folcrum,0.35764376402705467,6 days 09:39:38,0 days 02:00:20
Proof_Responsibility,0.5260712336467244,0 days 02:48:17,0 days 03:36:49
KittenBarfRainbows,0.5602130633835697,1 days 21:28:08,0 days 06:18:22
pilesofcleanlaundry,0.3034168842121682,0 days 00:01:53,0 days 09:14:30
Steak_N_Cocunuts,0.5151302595830828,0 days 02:13:16,0 days 06:37:45
C4RP3_N0CT3M,0.41609785282164025,0 days 07:49:16,0 days 04:34:05
pilesofcleanlaundry,0.3034168842121682,0 days 00:01:53,0 days 09:14:30
hpjj,0.20009783989560365,7 days 17:12:57,0 days 05:53:29
mnfaraj,0.5037022167985178,1 days 04:25:12,8 days 05:52:10
pilesofcleanlaundry,0.3034168842121682,0 days 00:01:53,0 days 09:14:30
CynfullyDelicious,0.375694087638786,0 days 07:47:28,0 days 05:06:58
gandalf_el_brown,0.4532121069259714,0 days 02:03:00,0 days 07:55:41
jb_82,0.4269481213184648,0 days 18:40:00,0 days 07:03:33
C4RP3_N0CT3M,0.41609785282164025,0 days 07:49:16,0 days 04:34:05
applemanib,0.5307234841516303,0 days 01:38:38,0 days 00:44:00
Ralath0n,0.7523376739859363,0 days 08:43:45,0 days 03:50:06
Will_I_Are,0.37389857136628424,2 days 12:41:25,0 days 04:18:56
WomanLady,0.22577258436113204,1 days 01:48:18,0 days 08:21:52
WomanLady,0.22577258436113204,1 days 01:48:18,0 days 08:21:52
gottaBsodomy,0.2210177389732087,1 days 04:37:41,0 days 05:41:46
M_Drinks,0.3865320647413386,0 days 02:03:05,0 days 02:47:44
Dapper-Stranger-7563,0.12705402995311438,1 days 01:38:31,0 days 04:45:23
Kydrant,0.5530986545961738,17 days 05:41:26,20 days 09:24:57
yidii-at-night,0.38075430122314796,0 days 23:48:30,0 days 01:10:25
WomanLady,0.22577258436113204,1 days 01:48:18,0 days 08:21:52
Hey_im_miles,0.3907336414530623,0 days 07:37:39,0 days 03:02:20
BlackBag00,0.5613669156083754,0 days 09:29:52,0 days 07:56:45
Lord-Sprinkles,0.5958137352823314,0 days 04:48:59,86 days 01:50:06
Torque_Bow,0.5565592453774288,0 days 00:34:50,0 days 03:36:48
Jos_Meid,0.5574905672560642,0 days 01:10:39,0 days 01:58:30
eldorado362,0.28267341076403696,0 days 02:01:50,0 days 01:38:22
Aurex86,0.28748540090212776,0 days 02:04:34,0 days 10:55:58
Snappdrag0n,0.24489265565249158,0 days 05:33:44,0 days 02:27:18
WomanLady,0.22577258436113204,1 days 01:48:18,0 days 08:21:52
Easy_Money_,0.5626919407187131,0 days 06:15:11,0 days 03:06:34
Playingwithmyrod,0.5468386938839024,0 days 09:24:17,0 days 03:24:13
Princess_Property,0.40035436125710605,1 days 07:12:46,0 days 22:29:12
DoesNotReply_,0.39219945537319334,0 days 22:25:32,0 days 06:47:08
O_O_2EZ,0.5006725911756796,0 days 09:09:49,1 days 04:58:05
PronunciationIsKey,0.4616641866855683,0 days 10:01:46,0 days 01:52:41
ConcernedBuilding,0.6890765197678935,0 days 05:35:11,0 days 15:07:34
su1ac0,0.4143524038524339,0 days 04:16:21,0 days 04:43:42
MarcVipsaniAgrippa,0.5514318931403533,2 days 05:45:03,2 days 02:33:35
BgDmnHero,0.3331742848584899,0 days 13:10:21,0 days 02:43:16
Cinnadillo,0.5834765276473837,1 days 02:41:56,0 days 07:54:18
jotunn9,0.5663343954406197,8 days 21:20:25,0 days 10:21:57
orbofdelusion,0.6825351870710529,2 days 08:20:12,0 days 07:30:14
No_Restaurant_774,0.2172433066540128,0 days 08:14:11,0 days 06:58:11
HauntingPurchase7,0.6125347182916818,2 days 10:17:30,0 days 02:51:28
RictusDicktus,0.4445020480672413,3 days 04:47:50,0 days 07:35:42
SpookyPony,0.6368887626866127,4 days 04:50:50,0 days 07:11:43
superduperpuppy,0.5086632957059984,1 days 05:37:14,0 days 07:32:50
Rolandersec,0.5006702563051965,0 days 21:32:20,0 days 04:58:21
GlaerOfHatred,0.3899687232830776,0 days 07:58:02,0 days 06:35:38
anonymous_lighting,0.3256899956168223,0 days 02:37:49,0 days 04:06:01
Nattylight_Murica,0.2428894067740261,0 days 00:46:08,0 days 02:45:21
KitchenReno4512,0.6028868889855505,0 days 02:38:59,0 days 00:37:02
requiemguy,0.44640589255509094,0 days 11:33:44,20 days 23:02:37
Coucoumcfly,0.4928087583351545,0 days 08:38:55,0 days 05:41:00
BgDmnHero,0.3331742848584899,0 days 13:10:21,0 days 02:43:16
ConcernedBuilding,0.6890765197678935,0 days 05:35:11,0 days 15:07:34
RobotThatGoesOof,0.4635463391432027,1 days 22:40:06,3 days 14:42:48
BaryonicBatter,0.6627115171308999,29 days 00:04:12,0 days 02:19:29
Substantial_Ask_9992,0.6727411602387011,0 days 05:47:42,76 days 08:25:16
Anomaly11C,0.2783949974485452,0 days 11:47:02,0 days 04:10:53
brooklynadm,0.4060964031730655,1 days 10:10:39,0 days 06:05:05
SonovaBench,0.5233182795006196,4 days 13:06:02,0 days 05:03:01
Phantom_316,0.6140659976320211,0 days 19:22:26,0 days 10:37:52
SlowdanceOnThelnside,0.5047562550087121,0 days 08:20:28,0 days 03:16:54
Anne__Frank,0.309327154288833,2 days 05:10:48,0 days 05:05:42
Jazr_Dude,0.39447290409207775,11 days 10:59:29,0 days 04:00:14
Duke9000,0.20236684250749065,0 days 07:33:34,2 days 20:46:53
PersonalNewestAcct,0.610764429549282,0 days 03:01:33,0 days 03:25:52
SouthEndCables,0.43214508942871105,4 days 00:39:23,0 days 03:40:56
heartohere,0.6511157417749299,5 days 13:35:26,0 days 08:52:38
C4RP3_N0CT3M,0.41609785282164025,0 days 07:49:16,0 days 04:34:05
applemanib,0.5307234841516303,0 days 01:38:38,0 days 00:44:00
BubblesMan36,0.24091251707063246,1 days 15:37:24,0 days 15:48:44
HayFeverTID,0.3185358422654116,1 days 04:55:45,1 days 14:40:15
zestybasilpizza,0.7048077068444774,4 days 15:43:42,0 days 04:41:29
MarcVipsaniAgrippa,0.5514318931403533,2 days 05:45:03,2 days 02:33:35
pilesofcleanlaundry,0.3034168842121682,0 days 00:01:53,0 days 09:14:30
C4RP3_N0CT3M,0.41609785282164025,0 days 07:49:16,0 days 04:34:05
Eadweard85,0.4118008073701651,0 days 00:59:38,0 days 03:27:39
LnxRocks,0.4895392908488805,0 days 08:50:51,0 days 01:59:25
KeyStep8,0.583786858701251,0 days 01:14:29,0 days 00:33:27
mradamzki,0.1826106285097771,0 days 15:37:24,0 days 04:20:38
SVMESSEFVIFVTVRVS,0.5559078749276075,3 days 08:00:59,0 days 02:27:43
TomXFoolery,0.7319938311013191,0 days 16:55:01,3 days 02:07:32
CynfullyDelicious,0.375694087638786,0 days 07:47:28,0 days 05:06:58
Jos_Meid,0.5574905672560642,0 days 01:10:39,0 days 01:58:30
Jos_Meid,0.5574905672560642,0 days 01:10:39,0 days 01:58:30
redditisaweful1,0.36763713297088096,0 days 00:21:25,0 days 04:23:57
Weekly_Bug_4847,0.5002848059499643,0 days 12:20:21,0 days 07:34:52
Shenanigans_626,0.4889005446226103,0 days 19:15:46,0 days 03:31:43
judokalinker,0.43673513406300213,0 days 02:35:09,0 days 01:53:54
Dafrick,0.5036887139665877,1 days 08:49:57,0 days 05:09:06
Hothroy,0.3603262614115106,0 days 15:14:43,0 days 04:09:10
imtiredletmegotobed,0.26910657336145666,0 days 07:29:17,1 days 07:06:19
darth_smith,0.4766105714894998,0 days 03:39:03,0 days 04:56:25
voyagingid,0.4334157750655286,0 days 05:17:33,0 days 12:02:27
DeKileCH,0.347098469941401,0 days 21:02:09,0 days 02:45:23
Fellow_Infidel,0.5425042213462267,0 days 02:42:59,3 days 16:25:58
Lord-Sprinkles,0.507388667703097,0 days 07:03:20,86 days 01:56:47
orbital_narwhal,0.37358533052609055,0 days 12:01:12,0 days 04:08:16
Folcrum,0.35764376402705467,6 days 09:39:38,0 days 02:00:20
fakeplasticdroid,0.4584067971364465,0 days 02:54:10,0 days 03:56:14
nicheComicsProject,0.7502243803637867,0 days 06:25:41,2 days 07:25:10
Substantial_Ask_9992,0.6727411602387011,0 days 05:47:42,76 days 08:25:16
Apps3452,0.5240676804909322,0 days 07:54:50,0 days 08:30:36
Cinnadillo,0.5834765276473837,1 days 02:41:56,0 days 07:54:18
kilo56,0.49914522142353174,0 days 00:17:28,0 days 00:29:24
Wayne_in_TX,0.7829325985240931,1 days 15:16:30,0 days 16:11:06
LordStunod,0.23228091707348938,0 days 07:36:14,0 days 08:15:19
asillynert,0.7820919865457636,0 days 14:48:41,0 days 04:13:04
Lola2050,0.5160801352298188,2 days 09:50:18,0 days 03:35:43
JoeBroski09,0.5789379993747364,0 days 01:01:03,0 days 00:26:44
Spoon-Pap,0.21953687622965803,8 days 13:21:10,0 days 08:59:42
HayFeverTID,0.3185358422654116,1 days 04:55:45,1 days 14:40:15
KittenBarfRainbows,0.5602130633835697,1 days 21:28:08,0 days 06:18:22
KittenBarfRainbows,0.5602130633835697,1 days 21:28:08,0 days 06:18:22
Steak_N_Cocunuts,0.5151302595830828,0 days 02:13:16,0 days 06:37:45
C4RP3_N0CT3M,0.41609785282164025,0 days 07:49:16,0 days 04:34:05
C4RP3_N0CT3M,0.41609785282164025,0 days 07:49:16,0 days 04:34:05
Will_I_Are,0.37389857136628424,2 days 12:41:25,0 days 04:18:56
Kydrant,0.5530986545961738,17 days 05:41:26,20 days 09:24:57
yidii-at-night,0.38075430122314796,0 days 23:48:30,0 days 01:10:25
Lord-Sprinkles,0.507388667703097,0 days 07:03:20,86 days 01:56:47
Torque_Bow,0.5565592453774288,0 days 00:34:50,0 days 03:36:48
drgmaster909,0.5330859309458867,0 days 11:35:23,0 days 04:40:58
justice_for_lachesis,0.4367542896259146,0 days 07:12:26,0 days 03:51:29
Lola2050,0.5160801352298188,2 days 09:50:18,0 days 03:35:43
O_O_2EZ,0.5006725911756796,0 days 09:09:49,1 days 04:58:05
nicheComicsProject,0.7502243803637867,0 days 06:25:41,2 days 07:25:10
ViolateCausality,0.7474802012786624,0 days 16:57:41,0 days 06:23:39
GlaerOfHatred,0.35725653069823304,0 days 06:54:38,0 days 07:15:46
Bossawes0m3,0.5734834907462798,1 days 08:22:24,0 days 04:59:41
BalkothLordofDeath,0.3547979431356352,0 days 02:23:45,0 days 04:16:53
Agreetedboat123,0.49758550017786135,0 days 08:04:28,0 days 04:43:47
indrada90,0.30167544771681987,0 days 05:24:50,0 days 07:15:16
Intelligent_Plan_747,0.2574837355034926,1 days 09:11:14,0 days 02:51:34
shellesshermit,0.39428030124482455,0 days 07:43:53,0 days 15:17:42
Isthereone,0.4949111659159505,0 days 00:38:52,0 days 10:24:25
BgDmnHero,0.2417058293898611,0 days 14:42:44,0 days 02:20:16
O_O_2EZ,0.5006725911756796,0 days 09:09:49,1 days 04:58:05
tjrchrt,0.44882850187259155,1 days 10:47:13,0 days 01:45:11
Dafrick,0.5036887139665877,1 days 08:49:57,0 days 05:09:06
Honor_Bound,0.43746695773552724,0 days 01:38:08,0 days 05:29:43
hotdogundertheoven,0.3529094396706247,0 days 22:49:34,0 days 08:28:23
DMs_Apprentice,0.3990261002610891,0 days 05:57:38,0 days 06:26:41
Nimzles,0.4272495427887132,26 days 10:52:34,0 days 01:00:04
Substantial_Ask_9992,0.6727411602387011,0 days 05:47:42,76 days 08:25:16
brooklynadm,0.4060964031730655,1 days 10:10:39,0 days 06:05:05
jradio,0.12368276442423301,1 days 02:40:02,0 days 09:37:23
BAY35music,0.3620588618635204,4 days 08:06:08,0 days 05:14:05
Ralath0n,0.7523376739859363,0 days 08:43:45,0 days 03:50:06
SamGray94,0.6107342120660542,0 days 05:00:58,0 days 02:15:53
illegal_pope,0.5158234526714922,5 days 10:06:24,0 days 05:47:27
SimonJ57,0.44569009449683405,0 days 03:06:46,0 days 05:26:18
alexaxl,0.422110120180182,0 days 00:02:54,0 days 07:46:39
typi_314,0.3536872554279344,0 days 08:31:22,0 days 06:01:05
SouthEndCables,0.43214508942871105,4 days 00:39:23,0 days 03:40:56
SouthEndCables,0.43214508942871105,4 days 00:39:23,0 days 03:40:56
heartohere,0.6511157417749299,5 days 13:35:26,0 days 08:52:38
MarcVipsaniAgrippa,0.5514318931403533,2 days 05:45:03,2 days 02:33:35
C4RP3_N0CT3M,0.41609785282164025,0 days 07:49:16,0 days 04:34:05
KeyStep8,0.583786858701251,0 days 01:14:29,0 days 00:33:27
FriendOfEntropy,0.483743756591874,7 days 10:49:09,0 days 11:56:02
RictusDicktus,0.4445020480672413,3 days 04:47:50,0 days 07:35:42
bradbrad83,0.16142450912643141,7 days 15:33:17,0 days 16:35:18
GlaerOfHatred,0.42906026323555174,0 days 06:09:10,0 days 06:58:49
shellesshermit,0.39428030124482455,0 days 07:43:53,0 days 15:17:42
CaptainsEyePatch,0.4631378808922352,0 days 07:19:07,12 days 20:02:50
Saul_DAlessio,0.15629045879500583,0 days 22:12:00,0 days 03:21:31
GandolfLundgren,0.37558702098746066,4 days 12:46:38,0 days 07:14:27
ze_bob_omber,0.5596672625399869,10 days 18:36:20,0 days 10:03:38
Magenta_Logistic,0.5055806781070399,0 days 01:08:54,10 days 12:05:44
badatusernames91,0.5597346921951168,0 days 02:49:21,0 days 01:26:37
truls-rohk,0.4506479661201361,0 days 00:32:08,0 days 00:21:02
ihatewomen42069,0.6212115577688838,5 days 06:50:41,0 days 02:24:01
Chance_Butterfly_987,0.4068056113844557,15 days 01:19:45,0 days 11:41:07
Agreetedboat123,0.49758550017786135,0 days 08:04:28,0 days 04:43:47
Bunniemonkey,0.36892652779811336,0 days 05:22:32,0 days 03:02:00
TheTiesThatB1nd,0.48230251575007294,16 days 22:44:44,68 days 22:38:11
Cartz1337,0.5032707961585738,0 days 01:38:04,0 days 04:22:58
ConcernedBuilding,0.6890765197678935,0 days 05:35:11,0 days 15:07:34
bigpurpleharness,0.35246897488602885,0 days 06:39:32,0 days 10:39:23
bigpurpleharness,0.35246897488602885,0 days 06:39:32,0 days 10:39:23
JoeBroski09,0.5789379993747364,0 days 01:01:03,0 days 00:26:44
justforporndickflash,0.5558272216208493,0 days 03:21:50,0 days 03:55:58
KittenBarfRainbows,0.5602130633835697,1 days 21:28:08,0 days 06:18:22
Agreetedboat123,0.49758550017786135,0 days 08:04:28,0 days 04:43:47
NeverLearnedBass,0.30664287791283373,0 days 08:35:45,0 days 06:28:45
Magenta_Logistic,0.5055806781070399,0 days 01:08:54,10 days 12:05:44
shellesshermit,0.39428030124482455,0 days 07:43:53,0 days 15:17:42
hotdogundertheoven,0.3529094396706247,0 days 22:49:34,0 days 08:28:23
badatusernames91,0.5597346921951168,0 days 02:49:21,0 days 01:26:37
204_no_content,0.531110779499045,3 days 20:18:09,0 days 07:18:41
Darkraze,0.41801192913437946,0 days 01:43:04,0 days 03:15:38
glasswolf96,0.2389428778040682,3 days 08:33:41,2 days 00:03:37
204_no_content,0.531110779499045,3 days 20:18:09,0 days 07:18:41
PoorlyLitKiwi2,0.539001293676604,0 days 01:23:35,0 days 02:52:53
ColdMeatloafSandwich,0.2866330648532317,7 days 11:32:03,0 days 05:50:28
deNoorest,0.4938017119915081,0 days 00:29:35,0 days 03:32:20
boston_homo,0.5311963326134261,0 days 07:22:19,0 days 11:58:54
Trivialpiper,0.29705396922847427,0 days 22:00:23,0 days 02:40:18
SimonJ57,0.44569009449683405,0 days 03:06:46,0 days 05:26:18
alexaxl,0.422110120180182,0 days 00:02:54,0 days 07:46:39
ReluctantNerd7,0.35980005791052677,0 days 03:34:30,0 days 03:08:10
Cinnadillo,0.5834765276473837,1 days 02:41:56,0 days 07:54:18
Kyle2theSQL,0.5788620381325781,0 days 03:18:47,0 days 01:41:50
Vikingboy9,0.4077343113581596,2 days 10:18:39,0 days 05:29:36
briannnnnnnnnnnnnnnn,0.4093277648052912,2 days 07:28:21,0 days 07:02:58
RictusDicktus,0.4445020480672413,3 days 04:47:50,0 days 07:35:42
adeel06,0.37436933183368853,4 days 01:18:49,0 days 10:58:01
Ok_Window_926,0.30163880596827236,1 days 12:29:32,0 days 05:01:15
LurkingTreeTiger,0.18427878878145998,7 days 07:32:29,0 days 14:11:22
punkrock9888,0.1928415554558415,0 days 20:37:28,0 days 06:23:49
bradbrad83,0.16142450912643141,7 days 15:33:17,0 days 16:35:18
shellesshermit,0.39428030124482455,0 days 07:43:53,0 days 15:17:42
badatusernames91,0.5597346921951168,0 days 02:49:21,0 days 01:26:37
CIassic_Ghost,0.32866475841633924,1 days 10:33:09,0 days 02:50:16
ccamp026,0.27277537556454995,1 days 10:55:01,0 days 05:35:58
Ralath0n,0.7523376739859363,0 days 08:43:45,0 days 03:50:06
Cartz1337,0.5032707961585738,0 days 01:38:04,0 days 04:22:58
ConcernedBuilding,0.6890765197678935,0 days 05:35:11,0 days 15:07:34
bigpurpleharness,0.35246897488602885,0 days 06:39:32,0 days 10:39:23
Paladin_Aranaos,0.5363583516968113,1 days 10:34:51,0 days 15:23:42
LurkingTreeTiger,0.18427878878145998,7 days 07:32:29,0 days 14:11:22
briannnnnnnnnnnnnnnn,0.4093277648052912,2 days 07:28:21,0 days 07:02:58
BentButNotBroken1111,0.39713575853404515,10 days 19:16:48,0 days 07:14:12
ditcher_the_witcher,0.33011080815646077,0 days 11:42:33,0 days 02:50:29
ColdMeatloafSandwich,0.2866330648532317,7 days 11:32:03,0 days 05:50:28
deNoorest,0.4938017119915081,0 days 00:29:35,0 days 03:32:20
Excellent_Chef_1764,0.3706264426054668,1 days 11:22:20,0 days 05:48:46
HyperScroop,0.5837322682725665,0 days 00:03:07,0 days 02:24:31
Trivialpiper,0.2671373253629009,0 days 23:30:34,0 days 02:39:46
Ok_Window_926,0.30163880596827236,1 days 12:29:32,0 days 05:01:15
Ralath0n,0.7523376739859363,0 days 08:43:45,0 days 03:50:06
Cartz1337,0.5032707961585738,0 days 01:38:04,0 days 04:22:58
erconn,0.6459636702021528,0 days 11:19:20,0 days 06:02:20
crazypostman21,0.41896301579732403,0 days 05:28:31,0 days 07:00:10
PM_BoobsnButts_pls,0.3717844347101775,6 days 16:35:24,0 days 22:39:04
no_one27,0.4483746295284577,7 days 01:52:09,0 days 06:17:52
Sector7B,0.3314988182047224,1 days 04:53:16,0 days 05:03:45
biscuitslayer77,0.3387117861249248,0 days 04:16:43,0 days 02:03:28
Roundaboutsix,0.7348255258559002,0 days 05:06:37,1 days 11:48:07
Sirsmellz,0.3199389495936603,0 days 10:31:12,0 days 08:37:32
RexErection,0.46778480713756637,0 days 11:58:06,0 days 04:07:27
FalafelImChips,0.2884625332087794,15 days 13:02:15,2 days 03:34:41
gcanders1,0.42328478610744175,1 days 03:23:41,0 days 14:45:14
Brandycane1983,0.4709023936697627,0 days 01:04:21,0 days 05:25:36
FiendishPole,0.2789518945604964,0 days 00:21:52,0 days 01:08:00
MattyIcex4,0.42950503639548004,0 days 10:23:17,0 days 01:17:09
Tasty_Chick3n,0.524984767433638,0 days 03:52:19,0 days 01:45:46
RudeIBegYa,0.555658134318811,0 days 03:33:13,0 days 02:58:14
Semirahl,0.4014646286775507,3 days 17:29:22,0 days 08:06:28
Started_WIth_NADA,0.3520904517689793,0 days 20:46:45,0 days 05:15:40
Exzalia,0.3589627899047889,0 days 14:54:51,0 days 03:43:11
Hydrocoded,0.725681479552049,0 days 02:10:49,0 days 02:20:40
jcoving28,0.4662217905084153,0 days 20:14:37,0 days 04:43:02
TheNarratorsVoice,0.581235674869457,13 days 23:42:49,1 days 15:01:59
Intelligent_Plan_747,0.2574837355034926,1 days 09:11:14,0 days 02:51:34
Leading_Tooth_8957,0.4151016501904597,9 days 02:25:09,6 days 17:55:28
ronfun,0.4572735036351737,1 days 14:12:30,0 days 13:41:30
Kolesko,0.32503738903759344,4 days 10:22:32,16 days 21:55:12
rboes1991,0.5224660890164381,1 days 02:38:33,0 days 05:32:48
dopestdope69,0.43194574326744384,9 days 06:37:33,0 days 06:50:58
ChoiceCriticism1,0.48066376206829353,0 days 02:52:10,0 days 07:51:32
TheAccountant1928,0.5917275230172364,8 days 05:29:32,0 days 01:44:17
kamera45,0.1853612427183184,1 days 15:36:43,0 days 05:04:29
sorathecrow__,0.5913821493282352,1 days 16:03:27,0 days 09:19:24
microcosm315,0.4963610558474001,0 days 13:33:31,0 days 02:27:09
LadenifferJadaniston,0.25129743224553036,0 days 12:06:01,0 days 05:34:15
TheFerretman,0.3166054847081846,0 days 05:17:26,0 days 07:44:49
leeroycharles,0.43982314697262775,2 days 16:01:53,0 days 03:49:26
Mka28,0.5293668655098129,0 days 00:04:18,0 days 07:40:54
kevin_panda,0.2833491062233431,1 days 14:34:37,0 days 05:41:44
Bykeracr,0.4236423123533954,45 days 00:22:04,0 days 05:51:58
IceTruckHouse,0.6005539074845078,0 days 02:31:08,0 days 01:15:16
Jobu72,0.3502250416848886,0 days 02:43:10,0 days 04:00:21
NinjaGuyDan777,0.3766208988890212,0 days 07:35:04,0 days 22:02:16
Karukash,0.4006945064185809,0 days 10:57:07,0 days 05:06:50
TroyMcClure10,0.2119850893539735,0 days 12:26:28,0 days 05:50:22
OrdoXenos,0.4896850302242606,0 days 02:13:48,0 days 05:03:18
LetsMakeThisHappen12,0.49763860766925766,0 days 03:01:25,0 days 04:10:17
ghostwh33l,0.5194093234907796,2 days 08:21:50,0 days 07:17:54
DJHJR86,0.46401840139800926,0 days 08:01:27,0 days 10:15:58
anjovis150,0.20900879422217294,0 days 00:42:39,0 days 02:44:25
CollegeNW,0.514597774814938,0 days 04:14:46,0 days 05:18:24
Green_Juggernaut1428,0.48964904888491106,0 days 00:43:04,0 days 02:42:54
AlphaCueRough,0.2594131305579782,7 days 00:54:01,0 days 07:58:16
dunktheball,0.6515428876866077,0 days 01:01:06,0 days 02:08:52
susman01,0.3488674167978726,3 days 15:47:27,0 days 07:35:07
DLoFoSho,0.46346300464606194,0 days 00:21:57,0 days 00:24:09
SnooTigers6381,0.32013204832714065,3 days 15:57:41,3 days 00:25:58
XfitRedPanda,0.316901874661076,0 days 15:21:29,0 days 07:46:21
Mr_Swampthing,0.16712705067915376,0 days 03:03:57,0 days 03:49:26
blaze_blue_99,0.37624188582726775,0 days 00:02:50,0 days 08:10:10
Ceegee_30,0.4107957948258384,16 days 02:42:35,10 days 22:08:16
pmabraham,0.645170764760511,0 days 02:52:41,0 days 04:45:40
MaintenanceFar8903,0.5792827821619416,1 days 10:52:38,0 days 10:38:22
BebopRocksteady82,0.2904874018522615,0 days 04:02:03,0 days 05:25:22
vibhui,0.4655975603517306,1 days 18:35:16,0 days 10:25:34
chimpset4life,0.4095844046643297,0 days 16:54:24,0 days 07:01:08
No-Feedback7437,0.4170910224763306,0 days 00:11:20,0 days 05:24:04
biggybenis,0.39556845394569135,1 days 17:49:34,0 days 08:40:12
Dezco14,0.41193023231146764,5 days 12:22:00,0 days 07:52:38
NunyaBeese,0.3077495967296703,0 days 02:32:24,0 days 07:52:35
TheTarasenkshow,0.37914522492554664,0 days 04:27:07,0 days 05:58:32
dunktheball,0.6515428876866077,0 days 01:01:06,0 days 02:08:52
ccc32224,0.5061835605320588,0 days 07:01:16,0 days 02:40:50
elosoloco,0.21576524358528487,0 days 10:33:50,0 days 05:16:33
CZPCR9,0.4680793403770354,0 days 11:01:32,0 days 09:08:00
somerandomshmo,0.44465642476630074,0 days 16:35:14,0 days 07:41:38
esqadinfinitum,0.27604769595482953,0 days 06:21:28,0 days 15:42:44
leetchaos,0.6103781960743246,0 days 03:25:41,27 days 06:36:46
CZPCR9,0.4680793403770354,0 days 11:01:32,0 days 09:08:00
Ryalas,0.4429840856507663,4 days 13:26:32,0 days 04:13:16
N1NJ4N33R,0.2721014381330925,0 days 10:10:03,0 days 03:22:14
Thebadmamajama,0.45199449607638387,0 days 03:51:59,0 days 05:15:06
misfitzer0,0.481299919773526,1 days 05:02:51,0 days 17:53:41
Started_WIth_NADA,0.3520904517689793,0 days 20:46:45,0 days 05:15:40
CurrentClimate,0.4950140904400956,6 days 04:41:38,0 days 09:35:49
spiritualien,0.3575951321699921,0 days 06:18:16,0 days 05:46:32
DC4MVP,0.48307225326993114,0 days 02:30:05,0 days 10:01:00
apleima2,0.4997490799017025,1 days 12:51:44,0 days 04:05:59
DickMold,0.5040616221913065,4 days 05:38:49,0 days 04:51:20
Mka28,0.5293668655098129,0 days 00:04:18,0 days 07:40:54
awndray97,0.3701935357782003,0 days 01:18:37,0 days 05:26:32
After_Reality_4175,0.3252916633075509,0 days 02:53:24,0 days 05:18:56
Ch_IV_TheGoodYears,0.3399712844581213,3 days 07:00:36,0 days 03:26:42
Jive_turkeeze,0.3687257480930991,4 days 15:06:58,0 days 09:43:06
esqadinfinitum,0.27604769595482953,0 days 06:21:28,0 days 15:42:44
dm1740,0.4688504060050734,5 days 18:28:56,0 days 19:43:58
teztovar,0.211163346253964,0 days 14:01:47,0 days 16:48:25
JAMsMain1,0.2956311648777428,1 days 00:59:48,0 days 06:44:59
GenericFakeName1,0.5934979072247998,10 days 12:25:19,1 days 13:55:37
wallix,0.43555381913447744,1 days 14:14:17,300 days 08:51:03
skinnykid108,0.2509196796081205,1 days 00:12:07,0 days 04:30:42
shaolin_tech,0.5994749394231887,0 days 00:30:28,0 days 06:56:02
BlueCollarGuru,0.20283628457029748,0 days 04:48:03,0 days 08:28:06
UnconsciousObserver,0.37668423528076866,10 days 10:33:30,1 days 12:40:32
Meihuajiancai,0.6798656337651726,0 days 00:15:44,0 days 02:18:32
Pinpuller07,0.4372862583725757,0 days 02:58:02,0 days 01:54:58
jhash20,0.6203649828617768,8 days 23:47:08,0 days 05:14:28
TheNewPraetor,0.5366709572693235,0 days 02:06:12,0 days 04:22:32
miapa1,0.2088913838414404,8 days 03:05:52,1 days 06:51:41
dont_tread_on_meeee,0.5352067093697683,0 days 10:04:03,0 days 02:40:02
NunyaBeese,0.24367537162159686,0 days 02:26:05,0 days 06:00:03
bonermoanr,0.4245516621971162,0 days 10:52:31,0 days 19:17:47
Polyarmourous,0.581156578476545,3 days 06:24:51,0 days 07:02:32
A2z_1013930,0.46017930831862264,3 days 15:11:14,0 days 21:26:28
TheDownvoter85,0.2778242044912052,1 days 01:49:29,0 days 09:33:33
ewurgy,0.42334981567561464,0 days 17:36:17,0 days 07:20:03
Marrked,0.3183290229998035,0 days 01:36:02,0 days 06:55:48
FunWasabi5196,0.3018723984788199,0 days 02:31:02,0 days 00:47:25
Snugglepuff14,0.5575693294645211,0 days 02:52:13,0 days 08:15:12
Megadog3,0.4024571990532929,0 days 04:35:38,0 days 05:18:45
lotsofdeadkittens,0.4561468926004643,0 days 00:03:30,0 days 01:03:00
mathk777,0.20968793823392878,2 days 04:45:05,0 days 05:52:06
extopico,0.3464141527465132,0 days 07:51:48,0 days 05:16:04
robotmckenna,0.14165857991740782,16 days 14:13:38,0 days 07:31:53
FamousLastName,0.6244499479164357,0 days 01:43:25,0 days 02:26:38
Lipmoshacook,0.49950085961182733,2 days 03:00:57,0 days 06:41:53
TheGreatRevealer,0.5837648212538998,0 days 22:18:40,0 days 01:11:27
DrMooMoos,0.5367139198682992,16 days 08:17:57,0 days 08:26:58
freedomboogers89,0.3962494713013678,0 days 02:11:11,0 days 01:49:38
Frig-Off-Randy,0.42847003076482537,0 days 02:50:32,0 days 04:15:30
buckleharry,0.6100328658914064,0 days 11:44:11,0 days 07:12:42
Frig-Off-Randy,0.42847003076482537,0 days 02:50:32,0 days 04:15:30
Ralwus,0.43968329757160274,0 days 04:49:12,0 days 04:43:31
TophuSkin,0.4199489943074432,2 days 10:51:13,0 days 02:49:33
Ecstatic_Victory4784,0.6092269299568734,0 days 01:14:38,0 days 05:56:14
JesusDied4U316,0.46709720343458316,0 days 00:32:04,0 days 02:13:28
NOFDfirefighter,0.2774899419872576,2 days 05:54:03,3 days 06:55:55
StockWagen,0.45525859391214796,0 days 22:52:37,0 days 04:51:14
jarethcutestory,0.2904215113914269,0 days 05:34:46,0 days 00:42:22
Uncle_PauI_Norton,0.3043882397741259,0 days 05:30:49,0 days 07:41:15
HeroicTorgaz,0.3723454686685828,12 days 23:06:14,0 days 04:45:18
StunningIgnorance,0.32920105594547994,0 days 04:47:37,0 days 08:45:26
State_,0.5628412794298292,0 days 19:06:15,0 days 13:11:09
susman01,0.3488674167978726,3 days 15:47:27,0 days 07:35:07
HeroicTorgaz,0.3723454686685828,12 days 23:06:14,0 days 04:45:18
Solid-Salamander-733,0.3046098627560863,3 days 06:52:57,0 days 01:11:44
evilradar,0.28472715922465835,0 days 06:31:19,0 days 00:53:51
bollabamoses,0.49570937950928673,2 days 10:29:54,0 days 00:15:59
Huntyadown,0.49239859520037715,1 days 03:11:45,0 days 11:52:52
Adrian55-5,0.21817922171556772,0 days 05:59:57,0 days 04:14:12
TheGlave,0.4162984563361811,0 days 10:35:38,0 days 02:36:54
NoninflammatoryFun,0.4942106878586608,0 days 01:14:58,0 days 05:38:34
extopico,0.3464141527465132,0 days 07:51:48,0 days 05:16:04
RemoteCommittee1816,0.33679639719662124,2 days 11:21:44,0 days 07:48:17
RoundSimbacca,0.7069135402422736,0 days 00:37:46,0 days 02:08:53
Cingetorix,0.3897301689235865,0 days 04:04:36,0 days 03:48:52
mercer1775,0.6853093011589887,0 days 02:55:17,0 days 06:36:57
no_one27,0.4483746295284577,7 days 01:52:09,0 days 06:17:52
Christianliberty2,0.4999817977637135,0 days 00:41:33,0 days 06:12:06
no_one27,0.4483746295284577,7 days 01:52:09,0 days 06:17:52
red_vette,0.46160170063160627,1 days 01:51:45,0 days 07:52:03
Curiousnearchi,0.29415481527168336,5 days 06:02:09,0 days 04:56:23
no_one27,0.4483746295284577,7 days 01:52:09,0 days 06:17:52
RoundSimbacca,0.7069135402422736,0 days 00:37:46,0 days 02:08:53
raydiculus,0.4022272941707981,0 days 01:35:18,0 days 12:52:15
geekxp,0.5578352908688873,1 days 23:03:29,0 days 02:42:20
Entire_Proposal_1318,0.39718030963116785,12 days 10:02:47,0 days 09:50:20
skinnykid108,0.2509196796081205,1 days 00:12:07,0 days 04:30:42
